video_id,title,thumbnail_type,comment_id,user_id,comment_date,likes,video_posted_date,viewed,liked,commented
VID1000,Video VID1000,face,,U1095,,,2025-06-03,1,0,0
VID1000,Video VID1000,face,C90914,U1015,2025-06-04,9.0,2025-06-03,1,1,1
VID1000,Video VID1000,face,,U1030,,,2025-06-03,1,0,0
VID1000,Video VID1000,face,,U1158,,,2025-06-03,1,1,0
VID1000,Video VID1000,face,,U1128,,,2025-06-03,1,1,0
VID1000,Video VID1000,face,,U1115,,,2025-06-03,1,1,0
VID1000,Video VID1000,face,,U1069,,,2025-06-03,1,1,0
VID1000,Video VID1000,face,,U1170,,,2025-06-03,1,1,0
VID1000,Video VID1000,face,,U1174,,,2025-06-03,1,0,0
VID1000,Video VID1000,face,,U1045,,,2025-06-03,1,1,0
VID1000,Video VID1000,face,,U1066,,,2025-06-03,1,0,0
VID1000,Video VID1000,face,,U1182,,,2025-06-03,1,0,0
VID1000,Video VID1000,face,,U1165,,,2025-06-03,1,0,0
VID1000,Video VID1000,face,C29944,U1078,2025-06-06,2.0,2025-06-03,1,0,1
VID1000,Video VID1000,face,,U1186,,,2025-06-03,1,0,0
VID1000,Video VID1000,face,C16399,U1177,2025-06-03,6.0,2025-06-03,1,0,1
VID1000,Video VID1000,face,,U1056,,,2025-06-03,1,1,0
VID1000,Video VID1000,face,C76874,U1152,2025-06-07,7.0,2025-06-03,1,1,1
VID1000,Video VID1000,face,,U1082,,,2025-06-03,1,1,0
VID1000,Video VID1000,face,,U1068,,,2025-06-03,1,0,0
VID1000,Video VID1000,face,C23342,U1124,2025-06-05,7.0,2025-06-03,1,1,1
VID1000,Video VID1000,face,,U1016,,,2025-06-03,1,1,0
VID1000,Video VID1000,face,C95508,U1148,2025-06-03,9.0,2025-06-03,1,0,1
VID1000,Video VID1000,face,C83650,U1093,2025-06-08,0.0,2025-06-03,1,1,1
VID1000,Video VID1000,face,,U1065,,,2025-06-03,1,1,0
VID1000,Video VID1000,face,,U1060,,,2025-06-03,1,0,0
VID1000,Video VID1000,face,,U1084,,,2025-06-03,1,1,0
VID1000,Video VID1000,face,,U1067,,,2025-06-03,1,0,0
VID1000,Video VID1000,face,,U1125,,,2025-06-03,1,1,0
VID1000,Video VID1000,face,,U1132,,,2025-06-03,1,0,0
VID1000,Video VID1000,face,,U1009,,,2025-06-03,1,1,0
VID1000,Video VID1000,face,C68356,U1018,2025-06-06,5.0,2025-06-03,1,0,1
VID1000,Video VID1000,face,,U1055,,,2025-06-03,1,0,0
VID1000,Video VID1000,face,,U1075,,,2025-06-03,1,1,0
VID1000,Video VID1000,face,,U1150,,,2025-06-03,1,1,0
VID1000,Video VID1000,face,,U1104,,,2025-06-03,1,1,0
VID1000,Video VID1000,face,,U1135,,,2025-06-03,1,0,0
VID1000,Video VID1000,face,C55683,U1137,2025-06-04,1.0,2025-06-03,1,0,1
VID1000,Video VID1000,face,C98940,U1164,2025-06-06,1.0,2025-06-03,1,0,1
VID1000,Video VID1000,face,C35383,U1076,2025-06-03,6.0,2025-06-03,1,1,1
VID1000,Video VID1000,face,,U1079,,,2025-06-03,1,1,0
VID1000,Video VID1000,face,,U1197,,,2025-06-03,1,1,0
VID1000,Video VID1000,face,,U1038,,,2025-06-03,1,1,0
VID1000,Video VID1000,face,,U1024,,,2025-06-03,1,0,0
VID1000,Video VID1000,face,C28041,U1122,2025-06-08,2.0,2025-06-03,1,0,1
VID1000,Video VID1000,face,C87946,U1195,2025-06-03,9.0,2025-06-03,1,1,1
VID1000,Video VID1000,face,,U1029,,,2025-06-03,1,0,0
VID1000,Video VID1000,face,,U1019,,,2025-06-03,1,1,0
VID1000,Video VID1000,face,C49349,U1143,2025-06-05,9.0,2025-06-03,1,1,1
VID1000,Video VID1000,face,,U1086,,,2025-06-03,1,1,0
VID1000,Video VID1000,face,C57820,U1114,2025-06-05,4.0,2025-06-03,1,0,1
VID1000,Video VID1000,face,,U1173,,,2025-06-03,1,0,0
VID1000,Video VID1000,face,C89744,U1005,2025-06-05,9.0,2025-06-03,1,1,1
VID1000,Video VID1000,face,,U1126,,,2025-06-03,1,1,0
VID1000,Video VID1000,face,,U1117,,,2025-06-03,1,0,0
VID1000,Video VID1000,face,,U1073,,,2025-06-03,1,1,0
VID1000,Video VID1000,face,C60544,U1140,2025-06-05,8.0,2025-06-03,1,1,1
VID1000,Video VID1000,face,,U1098,,,2025-06-03,1,1,0
VID1000,Video VID1000,face,,U1172,,,2025-06-03,1,1,0
VID1000,Video VID1000,face,C38065,U1096,2025-06-05,7.0,2025-06-03,1,0,1
VID1000,Video VID1000,face,C71274,U1169,2025-06-03,1.0,2025-06-03,1,1,1
VID1001,Video VID1001,face,C38457,U1118,2025-06-05,10.0,2025-06-02,1,0,1
VID1001,Video VID1001,face,,U1194,,,2025-06-02,1,1,0
VID1001,Video VID1001,face,,U1037,,,2025-06-02,1,1,0
VID1001,Video VID1001,face,,U1101,,,2025-06-02,1,0,0
VID1001,Video VID1001,face,,U1041,,,2025-06-02,1,1,0
VID1001,Video VID1001,face,C57243,U1159,2025-06-07,1.0,2025-06-02,1,1,1
VID1001,Video VID1001,face,C68612,U1193,2025-06-05,4.0,2025-06-02,1,0,1
VID1001,Video VID1001,face,C91429,U1029,2025-06-04,9.0,2025-06-02,1,1,1
VID1001,Video VID1001,face,C86754,U1083,2025-06-07,10.0,2025-06-02,1,0,1
VID1001,Video VID1001,face,C44083,U1161,2025-06-03,4.0,2025-06-02,1,1,1
VID1001,Video VID1001,face,,U1080,,,2025-06-02,1,1,0
VID1001,Video VID1001,face,C24677,U1166,2025-06-06,10.0,2025-06-02,1,1,1
VID1001,Video VID1001,face,,U1170,,,2025-06-02,1,1,0
VID1001,Video VID1001,face,,U1081,,,2025-06-02,1,0,0
VID1001,Video VID1001,face,,U1013,,,2025-06-02,1,1,0
VID1001,Video VID1001,face,,U1055,,,2025-06-02,1,1,0
VID1001,Video VID1001,face,C15904,U1026,2025-06-04,4.0,2025-06-02,1,1,1
VID1001,Video VID1001,face,,U1082,,,2025-06-02,1,1,0
VID1001,Video VID1001,face,,U1164,,,2025-06-02,1,1,0
VID1001,Video VID1001,face,C90911,U1106,2025-06-07,3.0,2025-06-02,1,0,1
VID1001,Video VID1001,face,,U1185,,,2025-06-02,1,1,0
VID1001,Video VID1001,face,,U1135,,,2025-06-02,1,1,0
VID1001,Video VID1001,face,,U1027,,,2025-06-02,1,0,0
VID1001,Video VID1001,face,,U1017,,,2025-06-02,1,0,0
VID1001,Video VID1001,face,C39291,U1129,2025-06-03,3.0,2025-06-02,1,1,1
VID1001,Video VID1001,face,C73995,U1078,2025-06-07,4.0,2025-06-02,1,1,1
VID1001,Video VID1001,face,,U1036,,,2025-06-02,1,1,0
VID1001,Video VID1001,face,,U1173,,,2025-06-02,1,0,0
VID1001,Video VID1001,face,,U1002,,,2025-06-02,1,1,0
VID1001,Video VID1001,face,,U1074,,,2025-06-02,1,1,0
VID1001,Video VID1001,face,C62161,U1008,2025-06-03,1.0,2025-06-02,1,1,1
VID1001,Video VID1001,face,,U1163,,,2025-06-02,1,1,0
VID1001,Video VID1001,face,C93046,U1165,2025-06-02,8.0,2025-06-02,1,0,1
VID1001,Video VID1001,face,,U1020,,,2025-06-02,1,1,0
VID1001,Video VID1001,face,,U1024,,,2025-06-02,1,1,0
VID1001,Video VID1001,face,,U1195,,,2025-06-02,1,0,0
VID1001,Video VID1001,face,C99130,U1155,2025-06-03,4.0,2025-06-02,1,0,1
VID1001,Video VID1001,face,,U1010,,,2025-06-02,1,1,0
VID1001,Video VID1001,face,C57164,U1079,2025-06-07,1.0,2025-06-02,1,1,1
VID1001,Video VID1001,face,,U1006,,,2025-06-02,1,1,0
VID1001,Video VID1001,face,,U1040,,,2025-06-02,1,0,0
VID1001,Video VID1001,face,,U1086,,,2025-06-02,1,0,0
VID1001,Video VID1001,face,,U1044,,,2025-06-02,1,1,0
VID1001,Video VID1001,face,,U1099,,,2025-06-02,1,0,0
VID1001,Video VID1001,face,,U1178,,,2025-06-02,1,0,0
VID1001,Video VID1001,face,,U1058,,,2025-06-02,1,1,0
VID1001,Video VID1001,face,,U1167,,,2025-06-02,1,0,0
VID1001,Video VID1001,face,,U1111,,,2025-06-02,1,1,0
VID1001,Video VID1001,face,,U1016,,,2025-06-02,1,0,0
VID1001,Video VID1001,face,,U1094,,,2025-06-02,1,1,0
VID1001,Video VID1001,face,C45297,U1071,2025-06-07,7.0,2025-06-02,1,1,1
VID1001,Video VID1001,face,C45144,U1072,2025-06-03,0.0,2025-06-02,1,0,1
VID1001,Video VID1001,face,,U1067,,,2025-06-02,1,1,0
VID1001,Video VID1001,face,C67878,U1076,2025-06-07,6.0,2025-06-02,1,1,1
VID1001,Video VID1001,face,C39429,U1045,2025-06-04,9.0,2025-06-02,1,1,1
VID1001,Video VID1001,face,C23269,U1030,2025-06-04,3.0,2025-06-02,1,0,1
VID1001,Video VID1001,face,C51996,U1184,2025-06-02,4.0,2025-06-02,1,0,1
VID1001,Video VID1001,face,,U1180,,,2025-06-02,1,1,0
VID1001,Video VID1001,face,,U1177,,,2025-06-02,1,0,0
VID1001,Video VID1001,face,,U1043,,,2025-06-02,1,0,0
VID1001,Video VID1001,face,,U1151,,,2025-06-02,1,1,0
VID1001,Video VID1001,face,C62906,U1188,2025-06-02,5.0,2025-06-02,1,1,1
VID1001,Video VID1001,face,C28785,U1039,2025-06-05,10.0,2025-06-02,1,1,1
VID1001,Video VID1001,face,,U1171,,,2025-06-02,1,1,0
VID1001,Video VID1001,face,,U1192,,,2025-06-02,1,0,0
VID1001,Video VID1001,face,,U1073,,,2025-06-02,1,0,0
VID1001,Video VID1001,face,C76892,U1042,2025-06-04,4.0,2025-06-02,1,0,1
VID1001,Video VID1001,face,,U1109,,,2025-06-02,1,1,0
VID1001,Video VID1001,face,,U1120,,,2025-06-02,1,0,0
VID1001,Video VID1001,face,,U1070,,,2025-06-02,1,1,0
VID1001,Video VID1001,face,,U1090,,,2025-06-02,1,1,0
VID1001,Video VID1001,face,C21781,U1034,2025-06-03,0.0,2025-06-02,1,1,1
VID1001,Video VID1001,face,C33608,U1049,2025-06-05,5.0,2025-06-02,1,0,1
VID1001,Video VID1001,face,,U1011,,,2025-06-02,1,1,0
VID1001,Video VID1001,face,C17890,U1104,2025-06-03,4.0,2025-06-02,1,1,1
VID1001,Video VID1001,face,C13277,U1183,2025-06-07,5.0,2025-06-02,1,1,1
VID1001,Video VID1001,face,,U1001,,,2025-06-02,1,1,0
VID1001,Video VID1001,face,,U1023,,,2025-06-02,1,1,0
VID1001,Video VID1001,face,,U1096,,,2025-06-02,1,1,0
VID1001,Video VID1001,face,C22787,U1003,2025-06-02,8.0,2025-06-02,1,0,1
VID1001,Video VID1001,face,,U1087,,,2025-06-02,1,1,0
VID1001,Video VID1001,face,,U1122,,,2025-06-02,1,1,0
VID1001,Video VID1001,face,,U1197,,,2025-06-02,1,1,0
VID1001,Video VID1001,face,,U1147,,,2025-06-02,1,1,0
VID1001,Video VID1001,face,C59872,U1137,2025-06-04,2.0,2025-06-02,1,1,1
VID1001,Video VID1001,face,,U1154,,,2025-06-02,1,0,0
VID1001,Video VID1001,face,,U1131,,,2025-06-02,1,1,0
VID1001,Video VID1001,face,,U1156,,,2025-06-02,1,0,0
VID1001,Video VID1001,face,,U1009,,,2025-06-02,1,0,0
VID1001,Video VID1001,face,,U1138,,,2025-06-02,1,1,0
VID1001,Video VID1001,face,,U1032,,,2025-06-02,1,1,0
VID1001,Video VID1001,face,,U1038,,,2025-06-02,1,0,0
VID1001,Video VID1001,face,C28345,U1084,2025-06-04,1.0,2025-06-02,1,1,1
VID1001,Video VID1001,face,C29726,U1127,2025-06-07,6.0,2025-06-02,1,1,1
VID1001,Video VID1001,face,,U1130,,,2025-06-02,1,1,0
VID1001,Video VID1001,face,,U1189,,,2025-06-02,1,1,0
VID1001,Video VID1001,face,,U1110,,,2025-06-02,1,0,0
VID1001,Video VID1001,face,,U1112,,,2025-06-02,1,1,0
VID1001,Video VID1001,face,C35521,U1148,2025-06-07,4.0,2025-06-02,1,0,1
VID1002,Video VID1002,screenshot,,U1168,,,2025-06-10,1,0,0
VID1002,Video VID1002,screenshot,,U1185,,,2025-06-10,1,1,0
VID1002,Video VID1002,screenshot,,U1075,,,2025-06-10,1,1,0
VID1002,Video VID1002,screenshot,C12427,U1187,2025-06-14,7.0,2025-06-10,1,0,1
VID1002,Video VID1002,screenshot,C69865,U1099,2025-06-15,6.0,2025-06-10,1,1,1
VID1002,Video VID1002,screenshot,C95374,U1188,2025-06-14,10.0,2025-06-10,1,1,1
VID1002,Video VID1002,screenshot,C75274,U1155,2025-06-11,10.0,2025-06-10,1,1,1
VID1002,Video VID1002,screenshot,,U1084,,,2025-06-10,1,1,0
VID1002,Video VID1002,screenshot,C53326,U1186,2025-06-11,7.0,2025-06-10,1,0,1
VID1002,Video VID1002,screenshot,C71443,U1048,2025-06-13,5.0,2025-06-10,1,1,1
VID1002,Video VID1002,screenshot,,U1105,,,2025-06-10,1,0,0
VID1002,Video VID1002,screenshot,,U1149,,,2025-06-10,1,0,0
VID1002,Video VID1002,screenshot,,U1026,,,2025-06-10,1,1,0
VID1002,Video VID1002,screenshot,,U1015,,,2025-06-10,1,1,0
VID1002,Video VID1002,screenshot,C72403,U1166,2025-06-11,1.0,2025-06-10,1,1,1
VID1002,Video VID1002,screenshot,,U1051,,,2025-06-10,1,0,0
VID1002,Video VID1002,screenshot,C13036,U1031,2025-06-10,10.0,2025-06-10,1,1,1
VID1002,Video VID1002,screenshot,C65963,U1161,2025-06-12,10.0,2025-06-10,1,1,1
VID1002,Video VID1002,screenshot,,U1092,,,2025-06-10,1,1,0
VID1002,Video VID1002,screenshot,,U1130,,,2025-06-10,1,0,0
VID1002,Video VID1002,screenshot,,U1097,,,2025-06-10,1,0,0
VID1002,Video VID1002,screenshot,,U1156,,,2025-06-10,1,1,0
VID1002,Video VID1002,screenshot,,U1089,,,2025-06-10,1,0,0
VID1002,Video VID1002,screenshot,,U1147,,,2025-06-10,1,1,0
VID1002,Video VID1002,screenshot,C54914,U1079,2025-06-12,7.0,2025-06-10,1,0,1
VID1002,Video VID1002,screenshot,,U1124,,,2025-06-10,1,1,0
VID1002,Video VID1002,screenshot,C99006,U1068,2025-06-12,1.0,2025-06-10,1,1,1
VID1002,Video VID1002,screenshot,,U1135,,,2025-06-10,1,0,0
VID1002,Video VID1002,screenshot,,U1042,,,2025-06-10,1,0,0
VID1002,Video VID1002,screenshot,C77583,U1057,2025-06-15,1.0,2025-06-10,1,1,1
VID1002,Video VID1002,screenshot,,U1040,,,2025-06-10,1,0,0
VID1002,Video VID1002,screenshot,,U1087,,,2025-06-10,1,0,0
VID1002,Video VID1002,screenshot,,U1028,,,2025-06-10,1,1,0
VID1002,Video VID1002,screenshot,,U1152,,,2025-06-10,1,0,0
VID1002,Video VID1002,screenshot,,U1128,,,2025-06-10,1,1,0
VID1002,Video VID1002,screenshot,,U1053,,,2025-06-10,1,1,0
VID1002,Video VID1002,screenshot,,U1045,,,2025-06-10,1,1,0
VID1002,Video VID1002,screenshot,,U1076,,,2025-06-10,1,0,0
VID1002,Video VID1002,screenshot,C50953,U1140,2025-06-10,2.0,2025-06-10,1,1,1
VID1002,Video VID1002,screenshot,,U1170,,,2025-06-10,1,1,0
VID1002,Video VID1002,screenshot,,U1090,,,2025-06-10,1,1,0
VID1002,Video VID1002,screenshot,C42648,U1073,2025-06-14,0.0,2025-06-10,1,0,1
VID1002,Video VID1002,screenshot,,U1195,,,2025-06-10,1,0,0
VID1002,Video VID1002,screenshot,,U1172,,,2025-06-10,1,0,0
VID1002,Video VID1002,screenshot,C84674,U1029,2025-06-10,0.0,2025-06-10,1,0,1
VID1002,Video VID1002,screenshot,,U1034,,,2025-06-10,1,0,0
VID1002,Video VID1002,screenshot,,U1071,,,2025-06-10,1,0,0
VID1002,Video VID1002,screenshot,,U1104,,,2025-06-10,1,1,0
VID1002,Video VID1002,screenshot,C51657,U1158,2025-06-15,9.0,2025-06-10,1,1,1
VID1002,Video VID1002,screenshot,,U1081,,,2025-06-10,1,1,0
VID1002,Video VID1002,screenshot,,U1177,,,2025-06-10,1,0,0
VID1002,Video VID1002,screenshot,,U1196,,,2025-06-10,1,0,0
VID1002,Video VID1002,screenshot,,U1139,,,2025-06-10,1,1,0
VID1002,Video VID1002,screenshot,,U1070,,,2025-06-10,1,1,0
VID1002,Video VID1002,screenshot,C44561,U1088,2025-06-10,1.0,2025-06-10,1,0,1
VID1002,Video VID1002,screenshot,,U1173,,,2025-06-10,1,1,0
VID1002,Video VID1002,screenshot,,U1059,,,2025-06-10,1,1,0
VID1002,Video VID1002,screenshot,,U1107,,,2025-06-10,1,1,0
VID1002,Video VID1002,screenshot,C84337,U1148,2025-06-13,3.0,2025-06-10,1,1,1
VID1002,Video VID1002,screenshot,,U1001,,,2025-06-10,1,0,0
VID1002,Video VID1002,screenshot,C20879,U1162,2025-06-11,7.0,2025-06-10,1,0,1
VID1002,Video VID1002,screenshot,C41802,U1064,2025-06-10,10.0,2025-06-10,1,0,1
VID1002,Video VID1002,screenshot,C14679,U1022,2025-06-12,6.0,2025-06-10,1,1,1
VID1002,Video VID1002,screenshot,C56671,U1136,2025-06-13,3.0,2025-06-10,1,1,1
VID1002,Video VID1002,screenshot,,U1009,,,2025-06-10,1,1,0
VID1002,Video VID1002,screenshot,,U1049,,,2025-06-10,1,1,0
VID1002,Video VID1002,screenshot,,U1095,,,2025-06-10,1,0,0
VID1002,Video VID1002,screenshot,,U1127,,,2025-06-10,1,1,0
VID1003,Video VID1003,face,,U1199,,,2025-06-09,1,1,0
VID1003,Video VID1003,face,,U1062,,,2025-06-09,1,1,0
VID1003,Video VID1003,face,,U1100,,,2025-06-09,1,1,0
VID1003,Video VID1003,face,,U1088,,,2025-06-09,1,1,0
VID1003,Video VID1003,face,,U1138,,,2025-06-09,1,1,0
VID1003,Video VID1003,face,C89816,U1176,2025-06-10,5.0,2025-06-09,1,1,1
VID1003,Video VID1003,face,,U1190,,,2025-06-09,1,1,0
VID1003,Video VID1003,face,,U1051,,,2025-06-09,1,1,0
VID1003,Video VID1003,face,C50900,U1131,2025-06-13,10.0,2025-06-09,1,1,1
VID1003,Video VID1003,face,,U1192,,,2025-06-09,1,1,0
VID1003,Video VID1003,face,,U1133,,,2025-06-09,1,1,0
VID1003,Video VID1003,face,,U1082,,,2025-06-09,1,0,0
VID1003,Video VID1003,face,,U1166,,,2025-06-09,1,1,0
VID1003,Video VID1003,face,,U1132,,,2025-06-09,1,0,0
VID1003,Video VID1003,face,,U1158,,,2025-06-09,1,0,0
VID1003,Video VID1003,face,,U1179,,,2025-06-09,1,1,0
VID1003,Video VID1003,face,,U1144,,,2025-06-09,1,0,0
VID1003,Video VID1003,face,,U1072,,,2025-06-09,1,0,0
VID1003,Video VID1003,face,C54243,U1047,2025-06-10,6.0,2025-06-09,1,1,1
VID1003,Video VID1003,face,,U1178,,,2025-06-09,1,0,0
VID1003,Video VID1003,face,C50383,U1059,2025-06-11,0.0,2025-06-09,1,0,1
VID1003,Video VID1003,face,,U1103,,,2025-06-09,1,1,0
VID1003,Video VID1003,face,C47979,U1027,2025-06-10,8.0,2025-06-09,1,0,1
VID1003,Video VID1003,face,,U1012,,,2025-06-09,1,0,0
VID1003,Video VID1003,face,,U1186,,,2025-06-09,1,0,0
VID1003,Video VID1003,face,C21304,U1117,2025-06-12,1.0,2025-06-09,1,1,1
VID1003,Video VID1003,face,,U1145,,,2025-06-09,1,0,0
VID1003,Video VID1003,face,C16402,U1014,2025-06-12,3.0,2025-06-09,1,1,1
VID1003,Video VID1003,face,C15390,U1165,2025-06-14,6.0,2025-06-09,1,1,1
VID1003,Video VID1003,face,C52072,U1189,2025-06-09,1.0,2025-06-09,1,1,1
VID1003,Video VID1003,face,,U1017,,,2025-06-09,1,0,0
VID1003,Video VID1003,face,,U1071,,,2025-06-09,1,1,0
VID1003,Video VID1003,face,,U1197,,,2025-06-09,1,1,0
VID1003,Video VID1003,face,,U1173,,,2025-06-09,1,0,0
VID1003,Video VID1003,face,C41229,U1093,2025-06-10,4.0,2025-06-09,1,0,1
VID1003,Video VID1003,face,C88245,U1022,2025-06-12,5.0,2025-06-09,1,1,1
VID1003,Video VID1003,face,,U1156,,,2025-06-09,1,1,0
VID1003,Video VID1003,face,,U1191,,,2025-06-09,1,1,0
VID1003,Video VID1003,face,,U1112,,,2025-06-09,1,1,0
VID1003,Video VID1003,face,,U1195,,,2025-06-09,1,1,0
VID1003,Video VID1003,face,C17231,U1048,2025-06-10,5.0,2025-06-09,1,1,1
VID1003,Video VID1003,face,,U1078,,,2025-06-09,1,1,0
VID1003,Video VID1003,face,,U1015,,,2025-06-09,1,1,0
VID1003,Video VID1003,face,C99976,U1057,2025-06-12,8.0,2025-06-09,1,1,1
VID1003,Video VID1003,face,,U1104,,,2025-06-09,1,1,0
VID1003,Video VID1003,face,,U1067,,,2025-06-09,1,0,0
VID1003,Video VID1003,face,C95216,U1079,2025-06-14,4.0,2025-06-09,1,0,1
VID1003,Video VID1003,face,,U1171,,,2025-06-09,1,0,0
VID1003,Video VID1003,face,C80471,U1018,2025-06-14,10.0,2025-06-09,1,1,1
VID1003,Video VID1003,face,,U1152,,,2025-06-09,1,0,0
VID1003,Video VID1003,face,,U1125,,,2025-06-09,1,0,0
VID1003,Video VID1003,face,,U1126,,,2025-06-09,1,0,0
VID1003,Video VID1003,face,,U1029,,,2025-06-09,1,1,0
VID1003,Video VID1003,face,C45070,U1092,2025-06-14,6.0,2025-06-09,1,1,1
VID1003,Video VID1003,face,C89230,U1120,2025-06-13,4.0,2025-06-09,1,0,1
VID1003,Video VID1003,face,C67672,U1043,2025-06-12,7.0,2025-06-09,1,1,1
VID1003,Video VID1003,face,,U1123,,,2025-06-09,1,1,0
VID1003,Video VID1003,face,C70889,U1049,2025-06-13,1.0,2025-06-09,1,1,1
VID1003,Video VID1003,face,,U1002,,,2025-06-09,1,1,0
VID1003,Video VID1003,face,,U1193,,,2025-06-09,1,1,0
VID1003,Video VID1003,face,,U1168,,,2025-06-09,1,0,0
VID1003,Video VID1003,face,,U1122,,,2025-06-09,1,0,0
VID1003,Video VID1003,face,,U1162,,,2025-06-09,1,1,0
VID1003,Video VID1003,face,,U1076,,,2025-06-09,1,1,0
VID1003,Video VID1003,face,C54996,U1042,2025-06-12,1.0,2025-06-09,1,1,1
VID1003,Video VID1003,face,C95088,U1060,2025-06-10,3.0,2025-06-09,1,1,1
VID1004,Video VID1004,screenshot,,U1042,,,2025-06-09,1,1,0
VID1004,Video VID1004,screenshot,,U1050,,,2025-06-09,1,1,0
VID1004,Video VID1004,screenshot,C70310,U1054,2025-06-10,10.0,2025-06-09,1,1,1
VID1004,Video VID1004,screenshot,C73799,U1041,2025-06-10,6.0,2025-06-09,1,1,1
VID1004,Video VID1004,screenshot,,U1004,,,2025-06-09,1,1,0
VID1004,Video VID1004,screenshot,,U1089,,,2025-06-09,1,1,0
VID1004,Video VID1004,screenshot,C19016,U1035,2025-06-13,0.0,2025-06-09,1,1,1
VID1004,Video VID1004,screenshot,,U1141,,,2025-06-09,1,1,0
VID1004,Video VID1004,screenshot,,U1168,,,2025-06-09,1,0,0
VID1004,Video VID1004,screenshot,,U1196,,,2025-06-09,1,1,0
VID1004,Video VID1004,screenshot,,U1039,,,2025-06-09,1,1,0
VID1004,Video VID1004,screenshot,,U1197,,,2025-06-09,1,1,0
VID1004,Video VID1004,screenshot,C28390,U1175,2025-06-12,6.0,2025-06-09,1,1,1
VID1004,Video VID1004,screenshot,,U1183,,,2025-06-09,1,1,0
VID1004,Video VID1004,screenshot,,U1139,,,2025-06-09,1,0,0
VID1004,Video VID1004,screenshot,,U1134,,,2025-06-09,1,0,0
VID1004,Video VID1004,screenshot,,U1116,,,2025-06-09,1,0,0
VID1004,Video VID1004,screenshot,,U1093,,,2025-06-09,1,1,0
VID1004,Video VID1004,screenshot,,U1151,,,2025-06-09,1,1,0
VID1004,Video VID1004,screenshot,,U1126,,,2025-06-09,1,1,0
VID1005,Video VID1005,face,,U1006,,,2025-06-08,1,1,0
VID1005,Video VID1005,face,,U1067,,,2025-06-08,1,1,0
VID1005,Video VID1005,face,,U1071,,,2025-06-08,1,0,0
VID1005,Video VID1005,face,,U1085,,,2025-06-08,1,0,0
VID1005,Video VID1005,face,,U1192,,,2025-06-08,1,0,0
VID1005,Video VID1005,face,,U1076,,,2025-06-08,1,0,0
VID1005,Video VID1005,face,,U1156,,,2025-06-08,1,0,0
VID1005,Video VID1005,face,,U1014,,,2025-06-08,1,1,0
VID1005,Video VID1005,face,,U1047,,,2025-06-08,1,1,0
VID1005,Video VID1005,face,C96321,U1002,2025-06-11,6.0,2025-06-08,1,0,1
VID1005,Video VID1005,face,,U1115,,,2025-06-08,1,1,0
VID1005,Video VID1005,face,,U1084,,,2025-06-08,1,0,0
VID1005,Video VID1005,face,,U1035,,,2025-06-08,1,0,0
VID1005,Video VID1005,face,,U1181,,,2025-06-08,1,1,0
VID1005,Video VID1005,face,C68612,U1148,2025-06-12,2.0,2025-06-08,1,1,1
VID1005,Video VID1005,face,C59996,U1087,2025-06-10,10.0,2025-06-08,1,1,1
VID1005,Video VID1005,face,,U1010,,,2025-06-08,1,1,0
VID1005,Video VID1005,face,,U1082,,,2025-06-08,1,0,0
VID1005,Video VID1005,face,C16646,U1173,2025-06-11,1.0,2025-06-08,1,1,1
VID1005,Video VID1005,face,C22988,U1089,2025-06-12,5.0,2025-06-08,1,0,1
VID1005,Video VID1005,face,C25244,U1012,2025-06-10,9.0,2025-06-08,1,0,1
VID1005,Video VID1005,face,,U1090,,,2025-06-08,1,0,0
VID1005,Video VID1005,face,,U1149,,,2025-06-08,1,1,0
VID1005,Video VID1005,face,,U1191,,,2025-06-08,1,0,0
VID1005,Video VID1005,face,,U1109,,,2025-06-08,1,1,0
VID1005,Video VID1005,face,,U1101,,,2025-06-08,1,0,0
VID1005,Video VID1005,face,,U1112,,,2025-06-08,1,1,0
VID1005,Video VID1005,face,,U1177,,,2025-06-08,1,1,0
VID1005,Video VID1005,face,,U1103,,,2025-06-08,1,0,0
VID1005,Video VID1005,face,,U1066,,,2025-06-08,1,0,0
VID1005,Video VID1005,face,,U1108,,,2025-06-08,1,1,0
VID1005,Video VID1005,face,,U1008,,,2025-06-08,1,1,0
VID1005,Video VID1005,face,,U1139,,,2025-06-08,1,1,0
VID1005,Video VID1005,face,,U1166,,,2025-06-08,1,1,0
VID1005,Video VID1005,face,,U1015,,,2025-06-08,1,0,0
VID1005,Video VID1005,face,,U1133,,,2025-06-08,1,1,0
VID1005,Video VID1005,face,C23419,U1018,2025-06-12,7.0,2025-06-08,1,1,1
VID1005,Video VID1005,face,,U1053,,,2025-06-08,1,0,0
VID1005,Video VID1005,face,,U1157,,,2025-06-08,1,1,0
VID1005,Video VID1005,face,C39317,U1189,2025-06-09,7.0,2025-06-08,1,1,1
VID1005,Video VID1005,face,,U1024,,,2025-06-08,1,0,0
VID1005,Video VID1005,face,,U1045,,,2025-06-08,1,1,0
VID1005,Video VID1005,face,,U1026,,,2025-06-08,1,1,0
VID1005,Video VID1005,face,,U1170,,,2025-06-08,1,1,0
VID1005,Video VID1005,face,,U1164,,,2025-06-08,1,1,0
VID1005,Video VID1005,face,,U1062,,,2025-06-08,1,1,0
VID1005,Video VID1005,face,C79905,U1081,2025-06-11,8.0,2025-06-08,1,1,1
VID1005,Video VID1005,face,,U1016,,,2025-06-08,1,0,0
VID1005,Video VID1005,face,,U1165,,,2025-06-08,1,0,0
VID1005,Video VID1005,face,,U1029,,,2025-06-08,1,1,0
VID1005,Video VID1005,face,,U1127,,,2025-06-08,1,0,0
VID1005,Video VID1005,face,,U1074,,,2025-06-08,1,1,0
VID1005,Video VID1005,face,,U1187,,,2025-06-08,1,1,0
VID1005,Video VID1005,face,,U1064,,,2025-06-08,1,1,0
VID1005,Video VID1005,face,C74843,U1033,2025-06-08,4.0,2025-06-08,1,1,1
VID1005,Video VID1005,face,C99182,U1057,2025-06-12,8.0,2025-06-08,1,1,1
VID1005,Video VID1005,face,,U1021,,,2025-06-08,1,0,0
VID1005,Video VID1005,face,,U1145,,,2025-06-08,1,1,0
VID1005,Video VID1005,face,,U1140,,,2025-06-08,1,0,0
VID1005,Video VID1005,face,C16581,U1070,2025-06-13,10.0,2025-06-08,1,0,1
VID1005,Video VID1005,face,,U1031,,,2025-06-08,1,0,0
VID1005,Video VID1005,face,,U1102,,,2025-06-08,1,0,0
VID1005,Video VID1005,face,,U1137,,,2025-06-08,1,0,0
VID1005,Video VID1005,face,C15137,U1054,2025-06-10,2.0,2025-06-08,1,0,1
VID1005,Video VID1005,face,,U1091,,,2025-06-08,1,0,0
VID1005,Video VID1005,face,,U1120,,,2025-06-08,1,1,0
VID1005,Video VID1005,face,,U1073,,,2025-06-08,1,1,0
VID1005,Video VID1005,face,,U1051,,,2025-06-08,1,0,0
VID1005,Video VID1005,face,,U1135,,,2025-06-08,1,1,0
VID1006,Video VID1006,face,,U1186,,,2025-06-01,1,1,0
VID1006,Video VID1006,face,,U1058,,,2025-06-01,1,1,0
VID1006,Video VID1006,face,,U1156,,,2025-06-01,1,1,0
VID1006,Video VID1006,face,,U1171,,,2025-06-01,1,0,0
VID1006,Video VID1006,face,C62713,U1069,2025-06-03,10.0,2025-06-01,1,1,1
VID1006,Video VID1006,face,,U1082,,,2025-06-01,1,0,0
VID1006,Video VID1006,face,,U1070,,,2025-06-01,1,1,0
VID1006,Video VID1006,face,C80604,U1086,2025-06-01,5.0,2025-06-01,1,1,1
VID1006,Video VID1006,face,,U1063,,,2025-06-01,1,1,0
VID1006,Video VID1006,face,,U1111,,,2025-06-01,1,1,0
VID1006,Video VID1006,face,,U1018,,,2025-06-01,1,1,0
VID1006,Video VID1006,face,,U1071,,,2025-06-01,1,1,0
VID1006,Video VID1006,face,,U1172,,,2025-06-01,1,1,0
VID1006,Video VID1006,face,,U1095,,,2025-06-01,1,0,0
VID1006,Video VID1006,face,,U1166,,,2025-06-01,1,1,0
VID1006,Video VID1006,face,,U1096,,,2025-06-01,1,1,0
VID1006,Video VID1006,face,,U1056,,,2025-06-01,1,0,0
VID1006,Video VID1006,face,,U1163,,,2025-06-01,1,0,0
VID1006,Video VID1006,face,C34448,U1161,2025-06-02,6.0,2025-06-01,1,1,1
VID1006,Video VID1006,face,C78080,U1178,2025-06-06,0.0,2025-06-01,1,1,1
VID1006,Video VID1006,face,,U1080,,,2025-06-01,1,0,0
VID1006,Video VID1006,face,C68080,U1175,2025-06-05,6.0,2025-06-01,1,1,1
VID1006,Video VID1006,face,,U1122,,,2025-06-01,1,0,0
VID1006,Video VID1006,face,,U1089,,,2025-06-01,1,0,0
VID1006,Video VID1006,face,C29568,U1000,2025-06-04,7.0,2025-06-01,1,1,1
VID1006,Video VID1006,face,C60850,U1047,2025-06-05,7.0,2025-06-01,1,0,1
VID1006,Video VID1006,face,,U1146,,,2025-06-01,1,1,0
VID1006,Video VID1006,face,,U1023,,,2025-06-01,1,0,0
VID1006,Video VID1006,face,C67366,U1025,2025-06-05,7.0,2025-06-01,1,0,1
VID1006,Video VID1006,face,C99143,U1087,2025-06-06,9.0,2025-06-01,1,1,1
VID1006,Video VID1006,face,,U1073,,,2025-06-01,1,0,0
VID1006,Video VID1006,face,,U1162,,,2025-06-01,1,1,0
VID1006,Video VID1006,face,C69119,U1014,2025-06-03,5.0,2025-06-01,1,1,1
VID1006,Video VID1006,face,,U1134,,,2025-06-01,1,1,0
VID1006,Video VID1006,face,,U1193,,,2025-06-01,1,0,0
VID1006,Video VID1006,face,,U1130,,,2025-06-01,1,0,0
VID1006,Video VID1006,face,,U1075,,,2025-06-01,1,0,0
VID1006,Video VID1006,face,,U1138,,,2025-06-01,1,1,0
VID1006,Video VID1006,face,,U1188,,,2025-06-01,1,0,0
VID1006,Video VID1006,face,,U1093,,,2025-06-01,1,1,0
VID1006,Video VID1006,face,,U1153,,,2025-06-01,1,1,0
VID1006,Video VID1006,face,,U1021,,,2025-06-01,1,1,0
VID1006,Video VID1006,face,C86327,U1119,2025-06-05,2.0,2025-06-01,1,0,1
VID1006,Video VID1006,face,,U1026,,,2025-06-01,1,0,0
VID1006,Video VID1006,face,,U1112,,,2025-06-01,1,1,0
VID1006,Video VID1006,face,C65757,U1126,2025-06-05,9.0,2025-06-01,1,1,1
VID1006,Video VID1006,face,,U1052,,,2025-06-01,1,1,0
VID1006,Video VID1006,face,,U1108,,,2025-06-01,1,0,0
VID1006,Video VID1006,face,,U1192,,,2025-06-01,1,1,0
VID1006,Video VID1006,face,C37244,U1196,2025-06-05,1.0,2025-06-01,1,1,1
VID1006,Video VID1006,face,,U1028,,,2025-06-01,1,0,0
VID1006,Video VID1006,face,C56777,U1068,2025-06-03,2.0,2025-06-01,1,0,1
VID1006,Video VID1006,face,,U1036,,,2025-06-01,1,1,0
VID1006,Video VID1006,face,,U1016,,,2025-06-01,1,0,0
VID1006,Video VID1006,face,C95786,U1039,2025-06-06,9.0,2025-06-01,1,1,1
VID1006,Video VID1006,face,,U1038,,,2025-06-01,1,1,0
VID1006,Video VID1006,face,,U1057,,,2025-06-01,1,0,0
VID1006,Video VID1006,face,C77048,U1003,2025-06-06,8.0,2025-06-01,1,1,1
VID1006,Video VID1006,face,,U1116,,,2025-06-01,1,1,0
VID1006,Video VID1006,face,C72320,U1060,2025-06-04,3.0,2025-06-01,1,1,1
VID1006,Video VID1006,face,C54888,U1158,2025-06-03,8.0,2025-06-01,1,1,1
VID1006,Video VID1006,face,,U1132,,,2025-06-01,1,0,0
VID1006,Video VID1006,face,,U1050,,,2025-06-01,1,1,0
VID1006,Video VID1006,face,C87329,U1045,2025-06-06,1.0,2025-06-01,1,0,1
VID1006,Video VID1006,face,,U1061,,,2025-06-01,1,1,0
VID1006,Video VID1006,face,,U1027,,,2025-06-01,1,1,0
VID1006,Video VID1006,face,,U1099,,,2025-06-01,1,1,0
VID1007,Video VID1007,face,,U1028,,,2025-06-02,1,1,0
VID1007,Video VID1007,face,,U1027,,,2025-06-02,1,1,0
VID1007,Video VID1007,face,C90387,U1159,2025-06-03,2.0,2025-06-02,1,0,1
VID1007,Video VID1007,face,,U1097,,,2025-06-02,1,1,0
VID1007,Video VID1007,face,,U1139,,,2025-06-02,1,1,0
VID1007,Video VID1007,face,,U1113,,,2025-06-02,1,1,0
VID1007,Video VID1007,face,,U1065,,,2025-06-02,1,0,0
VID1007,Video VID1007,face,,U1047,,,2025-06-02,1,1,0
VID1007,Video VID1007,face,C92221,U1001,2025-06-07,1.0,2025-06-02,1,0,1
VID1007,Video VID1007,face,,U1007,,,2025-06-02,1,0,0
VID1007,Video VID1007,face,,U1021,,,2025-06-02,1,0,0
VID1007,Video VID1007,face,,U1082,,,2025-06-02,1,1,0
VID1007,Video VID1007,face,C58528,U1088,2025-06-05,0.0,2025-06-02,1,0,1
VID1007,Video VID1007,face,C18510,U1150,2025-06-07,3.0,2025-06-02,1,1,1
VID1007,Video VID1007,face,,U1172,,,2025-06-02,1,0,0
VID1007,Video VID1007,face,C82377,U1071,2025-06-04,0.0,2025-06-02,1,1,1
VID1007,Video VID1007,face,,U1066,,,2025-06-02,1,0,0
VID1007,Video VID1007,face,C32351,U1134,2025-06-05,2.0,2025-06-02,1,1,1
VID1007,Video VID1007,face,,U1096,,,2025-06-02,1,1,0
VID1007,Video VID1007,face,,U1086,,,2025-06-02,1,0,0
VID1007,Video VID1007,face,,U1145,,,2025-06-02,1,1,0
VID1007,Video VID1007,face,C15720,U1196,2025-06-04,0.0,2025-06-02,1,1,1
VID1007,Video VID1007,face,,U1033,,,2025-06-02,1,0,0
VID1007,Video VID1007,face,C45801,U1061,2025-06-06,10.0,2025-06-02,1,0,1
VID1007,Video VID1007,face,,U1114,,,2025-06-02,1,1,0
VID1007,Video VID1007,face,,U1168,,,2025-06-02,1,1,0
VID1007,Video VID1007,face,,U1039,,,2025-06-02,1,1,0
VID1007,Video VID1007,face,,U1051,,,2025-06-02,1,0,0
VID1007,Video VID1007,face,,U1186,,,2025-06-02,1,1,0
VID1007,Video VID1007,face,C42593,U1022,2025-06-07,4.0,2025-06-02,1,1,1
VID1007,Video VID1007,face,C70450,U1144,2025-06-02,0.0,2025-06-02,1,0,1
VID1007,Video VID1007,face,,U1185,,,2025-06-02,1,0,0
VID1007,Video VID1007,face,C92614,U1058,2025-06-06,4.0,2025-06-02,1,0,1
VID1007,Video VID1007,face,,U1098,,,2025-06-02,1,1,0
VID1007,Video VID1007,face,,U1067,,,2025-06-02,1,1,0
VID1007,Video VID1007,face,C60630,U1126,2025-06-03,10.0,2025-06-02,1,0,1
VID1007,Video VID1007,face,,U1107,,,2025-06-02,1,1,0
VID1007,Video VID1007,face,,U1130,,,2025-06-02,1,1,0
VID1007,Video VID1007,face,,U1129,,,2025-06-02,1,1,0
VID1007,Video VID1007,face,,U1072,,,2025-06-02,1,1,0
VID1007,Video VID1007,face,,U1064,,,2025-06-02,1,1,0
VID1007,Video VID1007,face,,U1010,,,2025-06-02,1,0,0
VID1007,Video VID1007,face,,U1031,,,2025-06-02,1,1,0
VID1007,Video VID1007,face,C51692,U1052,2025-06-05,8.0,2025-06-02,1,1,1
VID1007,Video VID1007,face,C18145,U1014,2025-06-06,7.0,2025-06-02,1,0,1
VID1007,Video VID1007,face,C93428,U1078,2025-06-02,0.0,2025-06-02,1,0,1
VID1007,Video VID1007,face,,U1166,,,2025-06-02,1,1,0
VID1007,Video VID1007,face,,U1026,,,2025-06-02,1,1,0
VID1007,Video VID1007,face,C61922,U1032,2025-06-07,0.0,2025-06-02,1,1,1
VID1007,Video VID1007,face,,U1090,,,2025-06-02,1,1,0
VID1007,Video VID1007,face,C99571,U1095,2025-06-02,6.0,2025-06-02,1,1,1
VID1007,Video VID1007,face,,U1101,,,2025-06-02,1,0,0
VID1007,Video VID1007,face,C18063,U1017,2025-06-02,7.0,2025-06-02,1,1,1
VID1007,Video VID1007,face,,U1169,,,2025-06-02,1,0,0
VID1007,Video VID1007,face,,U1042,,,2025-06-02,1,0,0
VID1007,Video VID1007,face,C27938,U1127,2025-06-02,8.0,2025-06-02,1,1,1
VID1007,Video VID1007,face,,U1133,,,2025-06-02,1,1,0
VID1007,Video VID1007,face,C75826,U1125,2025-06-06,8.0,2025-06-02,1,0,1
VID1007,Video VID1007,face,C28976,U1043,2025-06-04,7.0,2025-06-02,1,1,1
VID1007,Video VID1007,face,,U1005,,,2025-06-02,1,1,0
VID1007,Video VID1007,face,,U1012,,,2025-06-02,1,1,0
VID1007,Video VID1007,face,,U1024,,,2025-06-02,1,1,0
VID1007,Video VID1007,face,C29137,U1105,2025-06-04,10.0,2025-06-02,1,0,1
VID1007,Video VID1007,face,C60228,U1121,2025-06-02,10.0,2025-06-02,1,0,1
VID1007,Video VID1007,face,,U1156,,,2025-06-02,1,0,0
VID1007,Video VID1007,face,,U1128,,,2025-06-02,1,1,0
VID1007,Video VID1007,face,,U1167,,,2025-06-02,1,0,0
VID1007,Video VID1007,face,,U1164,,,2025-06-02,1,0,0
VID1007,Video VID1007,face,C19984,U1193,2025-06-06,0.0,2025-06-02,1,1,1
VID1007,Video VID1007,face,C18188,U1087,2025-06-05,0.0,2025-06-02,1,1,1
VID1007,Video VID1007,face,,U1006,,,2025-06-02,1,1,0
VID1007,Video VID1007,face,C54753,U1094,2025-06-04,6.0,2025-06-02,1,0,1
VID1007,Video VID1007,face,,U1147,,,2025-06-02,1,1,0
VID1007,Video VID1007,face,,U1177,,,2025-06-02,1,0,0
VID1007,Video VID1007,face,C56716,U1035,2025-06-02,6.0,2025-06-02,1,1,1
VID1007,Video VID1007,face,,U1085,,,2025-06-02,1,1,0
VID1007,Video VID1007,face,,U1030,,,2025-06-02,1,1,0
VID1007,Video VID1007,face,,U1084,,,2025-06-02,1,1,0
VID1007,Video VID1007,face,C61111,U1162,2025-06-03,3.0,2025-06-02,1,1,1
VID1007,Video VID1007,face,C64657,U1154,2025-06-06,3.0,2025-06-02,1,0,1
VID1007,Video VID1007,face,C26104,U1103,2025-06-07,7.0,2025-06-02,1,0,1
VID1007,Video VID1007,face,C59515,U1175,2025-06-05,6.0,2025-06-02,1,1,1
VID1007,Video VID1007,face,C35000,U1040,2025-06-03,9.0,2025-06-02,1,0,1
VID1007,Video VID1007,face,,U1091,,,2025-06-02,1,1,0
VID1007,Video VID1007,face,,U1135,,,2025-06-02,1,1,0
VID1007,Video VID1007,face,,U1158,,,2025-06-02,1,1,0
VID1008,Video VID1008,screenshot,,U1079,,,2025-06-10,1,0,0
VID1008,Video VID1008,screenshot,,U1139,,,2025-06-10,1,0,0
VID1008,Video VID1008,screenshot,,U1103,,,2025-06-10,1,1,0
VID1008,Video VID1008,screenshot,,U1028,,,2025-06-10,1,1,0
VID1008,Video VID1008,screenshot,,U1173,,,2025-06-10,1,0,0
VID1008,Video VID1008,screenshot,,U1031,,,2025-06-10,1,1,0
VID1008,Video VID1008,screenshot,,U1174,,,2025-06-10,1,1,0
VID1008,Video VID1008,screenshot,,U1059,,,2025-06-10,1,1,0
VID1008,Video VID1008,screenshot,,U1043,,,2025-06-10,1,1,0
VID1008,Video VID1008,screenshot,,U1113,,,2025-06-10,1,0,0
VID1008,Video VID1008,screenshot,,U1080,,,2025-06-10,1,1,0
VID1008,Video VID1008,screenshot,C62306,U1118,2025-06-12,5.0,2025-06-10,1,1,1
VID1008,Video VID1008,screenshot,C45025,U1002,2025-06-15,1.0,2025-06-10,1,1,1
VID1008,Video VID1008,screenshot,,U1111,,,2025-06-10,1,1,0
VID1008,Video VID1008,screenshot,,U1106,,,2025-06-10,1,1,0
VID1008,Video VID1008,screenshot,C62527,U1030,2025-06-15,2.0,2025-06-10,1,1,1
VID1008,Video VID1008,screenshot,,U1073,,,2025-06-10,1,1,0
VID1008,Video VID1008,screenshot,,U1069,,,2025-06-10,1,0,0
VID1008,Video VID1008,screenshot,C41486,U1021,2025-06-12,9.0,2025-06-10,1,0,1
VID1008,Video VID1008,screenshot,,U1009,,,2025-06-10,1,0,0
VID1008,Video VID1008,screenshot,,U1023,,,2025-06-10,1,0,0
VID1008,Video VID1008,screenshot,,U1065,,,2025-06-10,1,1,0
VID1008,Video VID1008,screenshot,,U1006,,,2025-06-10,1,0,0
VID1008,Video VID1008,screenshot,,U1179,,,2025-06-10,1,0,0
VID1008,Video VID1008,screenshot,,U1149,,,2025-06-10,1,1,0
VID1008,Video VID1008,screenshot,C13184,U1033,2025-06-11,10.0,2025-06-10,1,0,1
VID1008,Video VID1008,screenshot,,U1127,,,2025-06-10,1,1,0
VID1008,Video VID1008,screenshot,,U1057,,,2025-06-10,1,0,0
VID1008,Video VID1008,screenshot,,U1133,,,2025-06-10,1,0,0
VID1008,Video VID1008,screenshot,,U1122,,,2025-06-10,1,1,0
VID1008,Video VID1008,screenshot,,U1094,,,2025-06-10,1,0,0
VID1008,Video VID1008,screenshot,,U1199,,,2025-06-10,1,0,0
VID1008,Video VID1008,screenshot,C44954,U1145,2025-06-10,4.0,2025-06-10,1,0,1
VID1008,Video VID1008,screenshot,,U1171,,,2025-06-10,1,1,0
VID1008,Video VID1008,screenshot,,U1134,,,2025-06-10,1,1,0
VID1008,Video VID1008,screenshot,,U1035,,,2025-06-10,1,1,0
VID1008,Video VID1008,screenshot,,U1102,,,2025-06-10,1,1,0
VID1008,Video VID1008,screenshot,C92540,U1076,2025-06-11,0.0,2025-06-10,1,1,1
VID1008,Video VID1008,screenshot,C37725,U1135,2025-06-15,2.0,2025-06-10,1,0,1
VID1008,Video VID1008,screenshot,,U1181,,,2025-06-10,1,0,0
VID1008,Video VID1008,screenshot,,U1041,,,2025-06-10,1,0,0
VID1008,Video VID1008,screenshot,,U1017,,,2025-06-10,1,0,0
VID1008,Video VID1008,screenshot,C96221,U1093,2025-06-12,5.0,2025-06-10,1,1,1
VID1008,Video VID1008,screenshot,,U1150,,,2025-06-10,1,1,0
VID1008,Video VID1008,screenshot,,U1194,,,2025-06-10,1,0,0
VID1008,Video VID1008,screenshot,,U1022,,,2025-06-10,1,0,0
VID1008,Video VID1008,screenshot,,U1196,,,2025-06-10,1,0,0
VID1008,Video VID1008,screenshot,,U1116,,,2025-06-10,1,1,0
VID1008,Video VID1008,screenshot,,U1123,,,2025-06-10,1,0,0
VID1008,Video VID1008,screenshot,,U1087,,,2025-06-10,1,0,0
VID1008,Video VID1008,screenshot,,U1004,,,2025-06-10,1,1,0
VID1008,Video VID1008,screenshot,C39532,U1159,2025-06-15,2.0,2025-06-10,1,1,1
VID1008,Video VID1008,screenshot,,U1074,,,2025-06-10,1,1,0
VID1008,Video VID1008,screenshot,,U1147,,,2025-06-10,1,1,0
VID1008,Video VID1008,screenshot,,U1078,,,2025-06-10,1,0,0
VID1008,Video VID1008,screenshot,,U1032,,,2025-06-10,1,0,0
VID1008,Video VID1008,screenshot,,U1130,,,2025-06-10,1,1,0
VID1008,Video VID1008,screenshot,C62721,U1072,2025-06-15,8.0,2025-06-10,1,1,1
VID1008,Video VID1008,screenshot,,U1158,,,2025-06-10,1,1,0
VID1008,Video VID1008,screenshot,,U1186,,,2025-06-10,1,1,0
VID1008,Video VID1008,screenshot,,U1099,,,2025-06-10,1,1,0
VID1008,Video VID1008,screenshot,,U1062,,,2025-06-10,1,1,0
VID1008,Video VID1008,screenshot,C39351,U1095,2025-06-14,10.0,2025-06-10,1,1,1
VID1008,Video VID1008,screenshot,,U1175,,,2025-06-10,1,0,0
VID1008,Video VID1008,screenshot,,U1070,,,2025-06-10,1,1,0
VID1008,Video VID1008,screenshot,,U1107,,,2025-06-10,1,1,0
VID1008,Video VID1008,screenshot,,U1129,,,2025-06-10,1,0,0
VID1008,Video VID1008,screenshot,C99927,U1154,2025-06-11,7.0,2025-06-10,1,0,1
VID1008,Video VID1008,screenshot,,U1097,,,2025-06-10,1,0,0
VID1008,Video VID1008,screenshot,,U1128,,,2025-06-10,1,1,0
VID1008,Video VID1008,screenshot,C60226,U1018,2025-06-11,8.0,2025-06-10,1,1,1
VID1008,Video VID1008,screenshot,C46350,U1195,2025-06-15,5.0,2025-06-10,1,1,1
VID1008,Video VID1008,screenshot,,U1188,,,2025-06-10,1,1,0
VID1008,Video VID1008,screenshot,,U1191,,,2025-06-10,1,1,0
VID1008,Video VID1008,screenshot,C81125,U1185,2025-06-14,6.0,2025-06-10,1,0,1
VID1008,Video VID1008,screenshot,C55511,U1114,2025-06-13,8.0,2025-06-10,1,1,1
VID1008,Video VID1008,screenshot,,U1138,,,2025-06-10,1,1,0
VID1008,Video VID1008,screenshot,,U1137,,,2025-06-10,1,1,0
VID1008,Video VID1008,screenshot,,U1058,,,2025-06-10,1,1,0
VID1009,Video VID1009,screenshot,,U1107,,,2025-06-05,1,0,0
VID1009,Video VID1009,screenshot,C10406,U1174,2025-06-05,0.0,2025-06-05,1,1,1
VID1009,Video VID1009,screenshot,C95494,U1039,2025-06-05,0.0,2025-06-05,1,0,1
VID1009,Video VID1009,screenshot,,U1138,,,2025-06-05,1,1,0
VID1009,Video VID1009,screenshot,C25060,U1191,2025-06-07,10.0,2025-06-05,1,1,1
VID1009,Video VID1009,screenshot,,U1120,,,2025-06-05,1,0,0
VID1009,Video VID1009,screenshot,,U1093,,,2025-06-05,1,1,0
VID1009,Video VID1009,screenshot,C50790,U1068,2025-06-07,2.0,2025-06-05,1,1,1
VID1009,Video VID1009,screenshot,,U1001,,,2025-06-05,1,0,0
VID1009,Video VID1009,screenshot,,U1146,,,2025-06-05,1,1,0
VID1009,Video VID1009,screenshot,,U1086,,,2025-06-05,1,0,0
VID1009,Video VID1009,screenshot,C77697,U1087,2025-06-08,6.0,2025-06-05,1,1,1
VID1009,Video VID1009,screenshot,,U1006,,,2025-06-05,1,1,0
VID1009,Video VID1009,screenshot,,U1181,,,2025-06-05,1,0,0
VID1009,Video VID1009,screenshot,C61291,U1050,2025-06-10,2.0,2025-06-05,1,0,1
VID1009,Video VID1009,screenshot,C71243,U1079,2025-06-10,7.0,2025-06-05,1,1,1
VID1009,Video VID1009,screenshot,,U1143,,,2025-06-05,1,1,0
VID1009,Video VID1009,screenshot,,U1094,,,2025-06-05,1,1,0
VID1009,Video VID1009,screenshot,,U1067,,,2025-06-05,1,1,0
VID1009,Video VID1009,screenshot,C95135,U1096,2025-06-09,7.0,2025-06-05,1,1,1
VID1009,Video VID1009,screenshot,,U1047,,,2025-06-05,1,0,0
VID1009,Video VID1009,screenshot,,U1095,,,2025-06-05,1,1,0
VID1009,Video VID1009,screenshot,,U1124,,,2025-06-05,1,0,0
VID1009,Video VID1009,screenshot,C25529,U1165,2025-06-08,9.0,2025-06-05,1,0,1
VID1009,Video VID1009,screenshot,,U1069,,,2025-06-05,1,1,0
VID1009,Video VID1009,screenshot,,U1090,,,2025-06-05,1,0,0
VID1009,Video VID1009,screenshot,,U1097,,,2025-06-05,1,0,0
VID1009,Video VID1009,screenshot,,U1172,,,2025-06-05,1,0,0
VID1009,Video VID1009,screenshot,,U1045,,,2025-06-05,1,1,0
VID1009,Video VID1009,screenshot,,U1089,,,2025-06-05,1,1,0
VID1009,Video VID1009,screenshot,,U1059,,,2025-06-05,1,1,0
VID1009,Video VID1009,screenshot,C35359,U1004,2025-06-05,4.0,2025-06-05,1,1,1
VID1009,Video VID1009,screenshot,,U1083,,,2025-06-05,1,1,0
VID1009,Video VID1009,screenshot,,U1157,,,2025-06-05,1,1,0
VID1009,Video VID1009,screenshot,,U1178,,,2025-06-05,1,0,0
VID1009,Video VID1009,screenshot,C55705,U1145,2025-06-06,5.0,2025-06-05,1,0,1
VID1009,Video VID1009,screenshot,C16479,U1099,2025-06-06,2.0,2025-06-05,1,1,1
VID1009,Video VID1009,screenshot,,U1108,,,2025-06-05,1,1,0
VID1009,Video VID1009,screenshot,,U1055,,,2025-06-05,1,0,0
VID1009,Video VID1009,screenshot,C62228,U1032,2025-06-09,5.0,2025-06-05,1,1,1
VID1009,Video VID1009,screenshot,,U1128,,,2025-06-05,1,0,0
VID1009,Video VID1009,screenshot,,U1072,,,2025-06-05,1,1,0
VID1009,Video VID1009,screenshot,C10764,U1156,2025-06-10,8.0,2025-06-05,1,1,1
VID1009,Video VID1009,screenshot,C91615,U1136,2025-06-10,7.0,2025-06-05,1,0,1
VID1009,Video VID1009,screenshot,C74347,U1164,2025-06-05,9.0,2025-06-05,1,1,1
VID1009,Video VID1009,screenshot,,U1105,,,2025-06-05,1,1,0
VID1009,Video VID1009,screenshot,C25618,U1171,2025-06-05,0.0,2025-06-05,1,0,1
VID1010,Video VID1010,screenshot,C71866,U1001,2025-06-02,9.0,2025-06-01,1,1,1
VID1010,Video VID1010,screenshot,C67073,U1146,2025-06-05,4.0,2025-06-01,1,0,1
VID1010,Video VID1010,screenshot,,U1193,,,2025-06-01,1,1,0
VID1010,Video VID1010,screenshot,,U1137,,,2025-06-01,1,0,0
VID1010,Video VID1010,screenshot,,U1176,,,2025-06-01,1,1,0
VID1010,Video VID1010,screenshot,,U1186,,,2025-06-01,1,1,0
VID1010,Video VID1010,screenshot,,U1050,,,2025-06-01,1,1,0
VID1010,Video VID1010,screenshot,C76176,U1032,2025-06-01,2.0,2025-06-01,1,0,1
VID1010,Video VID1010,screenshot,,U1161,,,2025-06-01,1,0,0
VID1010,Video VID1010,screenshot,,U1152,,,2025-06-01,1,0,0
VID1010,Video VID1010,screenshot,,U1029,,,2025-06-01,1,1,0
VID1010,Video VID1010,screenshot,,U1145,,,2025-06-01,1,0,0
VID1010,Video VID1010,screenshot,,U1128,,,2025-06-01,1,1,0
VID1010,Video VID1010,screenshot,C57319,U1024,2025-06-02,9.0,2025-06-01,1,1,1
VID1010,Video VID1010,screenshot,C81151,U1108,2025-06-03,3.0,2025-06-01,1,1,1
VID1010,Video VID1010,screenshot,,U1030,,,2025-06-01,1,1,0
VID1010,Video VID1010,screenshot,,U1039,,,2025-06-01,1,0,0
VID1010,Video VID1010,screenshot,C91787,U1023,2025-06-06,2.0,2025-06-01,1,0,1
VID1010,Video VID1010,screenshot,,U1148,,,2025-06-01,1,1,0
VID1010,Video VID1010,screenshot,,U1150,,,2025-06-01,1,1,0
VID1010,Video VID1010,screenshot,,U1078,,,2025-06-01,1,0,0
VID1010,Video VID1010,screenshot,C30916,U1129,2025-06-06,5.0,2025-06-01,1,1,1
VID1010,Video VID1010,screenshot,,U1081,,,2025-06-01,1,0,0
VID1010,Video VID1010,screenshot,,U1195,,,2025-06-01,1,1,0
VID1010,Video VID1010,screenshot,,U1149,,,2025-06-01,1,1,0
VID1010,Video VID1010,screenshot,C31884,U1184,2025-06-06,3.0,2025-06-01,1,0,1
VID1010,Video VID1010,screenshot,,U1126,,,2025-06-01,1,1,0
VID1010,Video VID1010,screenshot,C31829,U1055,2025-06-06,9.0,2025-06-01,1,1,1
VID1010,Video VID1010,screenshot,,U1188,,,2025-06-01,1,1,0
VID1010,Video VID1010,screenshot,,U1142,,,2025-06-01,1,1,0
VID1010,Video VID1010,screenshot,,U1013,,,2025-06-01,1,0,0
VID1010,Video VID1010,screenshot,C22097,U1163,2025-06-01,9.0,2025-06-01,1,0,1
VID1010,Video VID1010,screenshot,,U1102,,,2025-06-01,1,0,0
VID1010,Video VID1010,screenshot,,U1167,,,2025-06-01,1,1,0
VID1010,Video VID1010,screenshot,,U1096,,,2025-06-01,1,0,0
VID1010,Video VID1010,screenshot,,U1006,,,2025-06-01,1,0,0
VID1010,Video VID1010,screenshot,,U1139,,,2025-06-01,1,1,0
VID1010,Video VID1010,screenshot,C14038,U1172,2025-06-06,5.0,2025-06-01,1,0,1
VID1010,Video VID1010,screenshot,,U1011,,,2025-06-01,1,1,0
VID1010,Video VID1010,screenshot,,U1151,,,2025-06-01,1,1,0
VID1010,Video VID1010,screenshot,,U1170,,,2025-06-01,1,1,0
VID1010,Video VID1010,screenshot,C57109,U1090,2025-06-02,2.0,2025-06-01,1,0,1
VID1010,Video VID1010,screenshot,C77377,U1166,2025-06-03,3.0,2025-06-01,1,0,1
VID1010,Video VID1010,screenshot,C95512,U1134,2025-06-02,2.0,2025-06-01,1,0,1
VID1010,Video VID1010,screenshot,C46907,U1131,2025-06-04,1.0,2025-06-01,1,1,1
VID1010,Video VID1010,screenshot,,U1141,,,2025-06-01,1,0,0
VID1010,Video VID1010,screenshot,C96456,U1059,2025-06-01,1.0,2025-06-01,1,1,1
VID1010,Video VID1010,screenshot,,U1144,,,2025-06-01,1,1,0
VID1010,Video VID1010,screenshot,,U1132,,,2025-06-01,1,1,0
VID1010,Video VID1010,screenshot,,U1068,,,2025-06-01,1,1,0
VID1010,Video VID1010,screenshot,C99676,U1062,2025-06-05,3.0,2025-06-01,1,1,1
VID1010,Video VID1010,screenshot,,U1189,,,2025-06-01,1,1,0
VID1010,Video VID1010,screenshot,C90355,U1164,2025-06-04,9.0,2025-06-01,1,1,1
VID1010,Video VID1010,screenshot,,U1040,,,2025-06-01,1,1,0
VID1010,Video VID1010,screenshot,C13967,U1153,2025-06-02,2.0,2025-06-01,1,0,1
VID1010,Video VID1010,screenshot,,U1123,,,2025-06-01,1,1,0
VID1010,Video VID1010,screenshot,C59422,U1022,2025-06-01,10.0,2025-06-01,1,0,1
VID1010,Video VID1010,screenshot,C29190,U1179,2025-06-03,10.0,2025-06-01,1,1,1
VID1010,Video VID1010,screenshot,,U1072,,,2025-06-01,1,1,0
VID1010,Video VID1010,screenshot,,U1086,,,2025-06-01,1,0,0
VID1010,Video VID1010,screenshot,,U1183,,,2025-06-01,1,0,0
VID1010,Video VID1010,screenshot,,U1057,,,2025-06-01,1,0,0
VID1010,Video VID1010,screenshot,,U1156,,,2025-06-01,1,1,0
VID1010,Video VID1010,screenshot,,U1192,,,2025-06-01,1,1,0
VID1010,Video VID1010,screenshot,,U1112,,,2025-06-01,1,0,0
VID1010,Video VID1010,screenshot,,U1052,,,2025-06-01,1,0,0
VID1010,Video VID1010,screenshot,,U1135,,,2025-06-01,1,1,0
VID1010,Video VID1010,screenshot,,U1162,,,2025-06-01,1,0,0
VID1010,Video VID1010,screenshot,C49381,U1127,2025-06-03,8.0,2025-06-01,1,1,1
VID1010,Video VID1010,screenshot,,U1034,,,2025-06-01,1,1,0
VID1010,Video VID1010,screenshot,C83493,U1019,2025-06-02,7.0,2025-06-01,1,1,1
VID1010,Video VID1010,screenshot,C47518,U1082,2025-06-01,6.0,2025-06-01,1,1,1
VID1010,Video VID1010,screenshot,C22589,U1070,2025-06-05,2.0,2025-06-01,1,0,1
VID1010,Video VID1010,screenshot,,U1031,,,2025-06-01,1,1,0
VID1010,Video VID1010,screenshot,C67986,U1000,2025-06-03,2.0,2025-06-01,1,1,1
VID1010,Video VID1010,screenshot,,U1171,,,2025-06-01,1,0,0
VID1010,Video VID1010,screenshot,,U1136,,,2025-06-01,1,1,0
VID1010,Video VID1010,screenshot,,U1177,,,2025-06-01,1,0,0
VID1010,Video VID1010,screenshot,,U1182,,,2025-06-01,1,0,0
VID1011,Video VID1011,face,C98669,U1030,2025-06-08,8.0,2025-06-03,1,0,1
VID1011,Video VID1011,face,,U1054,,,2025-06-03,1,1,0
VID1011,Video VID1011,face,,U1142,,,2025-06-03,1,0,0
VID1011,Video VID1011,face,C87489,U1098,2025-06-07,7.0,2025-06-03,1,1,1
VID1011,Video VID1011,face,,U1085,,,2025-06-03,1,0,0
VID1011,Video VID1011,face,,U1104,,,2025-06-03,1,1,0
VID1011,Video VID1011,face,C51628,U1028,2025-06-07,8.0,2025-06-03,1,0,1
VID1011,Video VID1011,face,C68479,U1185,2025-06-04,10.0,2025-06-03,1,1,1
VID1011,Video VID1011,face,C92666,U1101,2025-06-03,7.0,2025-06-03,1,1,1
VID1011,Video VID1011,face,,U1199,,,2025-06-03,1,1,0
VID1011,Video VID1011,face,,U1141,,,2025-06-03,1,0,0
VID1011,Video VID1011,face,,U1120,,,2025-06-03,1,0,0
VID1011,Video VID1011,face,,U1011,,,2025-06-03,1,0,0
VID1011,Video VID1011,face,,U1135,,,2025-06-03,1,0,0
VID1011,Video VID1011,face,C73210,U1121,2025-06-03,1.0,2025-06-03,1,1,1
VID1011,Video VID1011,face,,U1089,,,2025-06-03,1,1,0
VID1011,Video VID1011,face,,U1140,,,2025-06-03,1,0,0
VID1011,Video VID1011,face,C70106,U1106,2025-06-04,4.0,2025-06-03,1,0,1
VID1011,Video VID1011,face,,U1077,,,2025-06-03,1,0,0
VID1011,Video VID1011,face,,U1163,,,2025-06-03,1,0,0
VID1011,Video VID1011,face,,U1043,,,2025-06-03,1,1,0
VID1011,Video VID1011,face,,U1124,,,2025-06-03,1,0,0
VID1011,Video VID1011,face,,U1179,,,2025-06-03,1,0,0
VID1011,Video VID1011,face,C44106,U1080,2025-06-05,8.0,2025-06-03,1,0,1
VID1011,Video VID1011,face,,U1029,,,2025-06-03,1,1,0
VID1011,Video VID1011,face,,U1079,,,2025-06-03,1,1,0
VID1011,Video VID1011,face,,U1109,,,2025-06-03,1,1,0
VID1011,Video VID1011,face,,U1004,,,2025-06-03,1,1,0
VID1011,Video VID1011,face,,U1137,,,2025-06-03,1,1,0
VID1011,Video VID1011,face,,U1087,,,2025-06-03,1,1,0
VID1011,Video VID1011,face,,U1131,,,2025-06-03,1,1,0
VID1011,Video VID1011,face,,U1100,,,2025-06-03,1,1,0
VID1011,Video VID1011,face,,U1071,,,2025-06-03,1,0,0
VID1011,Video VID1011,face,,U1013,,,2025-06-03,1,1,0
VID1011,Video VID1011,face,C66596,U1114,2025-06-06,6.0,2025-06-03,1,0,1
VID1011,Video VID1011,face,,U1000,,,2025-06-03,1,0,0
VID1011,Video VID1011,face,,U1154,,,2025-06-03,1,1,0
VID1011,Video VID1011,face,,U1138,,,2025-06-03,1,1,0
VID1011,Video VID1011,face,,U1178,,,2025-06-03,1,1,0
VID1011,Video VID1011,face,,U1191,,,2025-06-03,1,1,0
VID1011,Video VID1011,face,,U1139,,,2025-06-03,1,0,0
VID1011,Video VID1011,face,,U1129,,,2025-06-03,1,1,0
VID1011,Video VID1011,face,C45041,U1116,2025-06-05,2.0,2025-06-03,1,1,1
VID1011,Video VID1011,face,,U1012,,,2025-06-03,1,1,0
VID1011,Video VID1011,face,C36723,U1010,2025-06-05,5.0,2025-06-03,1,0,1
VID1011,Video VID1011,face,,U1180,,,2025-06-03,1,1,0
VID1011,Video VID1011,face,C20176,U1192,2025-06-06,4.0,2025-06-03,1,1,1
VID1011,Video VID1011,face,,U1086,,,2025-06-03,1,1,0
VID1011,Video VID1011,face,C20549,U1175,2025-06-08,1.0,2025-06-03,1,0,1
VID1011,Video VID1011,face,,U1117,,,2025-06-03,1,1,0
VID1011,Video VID1011,face,C38144,U1063,2025-06-06,7.0,2025-06-03,1,0,1
VID1011,Video VID1011,face,,U1056,,,2025-06-03,1,0,0
VID1011,Video VID1011,face,,U1195,,,2025-06-03,1,1,0
VID1011,Video VID1011,face,,U1076,,,2025-06-03,1,1,0
VID1012,Video VID1012,screenshot,,U1146,,,2025-06-02,1,0,0
VID1012,Video VID1012,screenshot,C83352,U1179,2025-06-04,0.0,2025-06-02,1,1,1
VID1012,Video VID1012,screenshot,,U1084,,,2025-06-02,1,1,0
VID1012,Video VID1012,screenshot,,U1199,,,2025-06-02,1,1,0
VID1012,Video VID1012,screenshot,C36613,U1025,2025-06-04,10.0,2025-06-02,1,1,1
VID1012,Video VID1012,screenshot,C74128,U1018,2025-06-03,5.0,2025-06-02,1,1,1
VID1012,Video VID1012,screenshot,,U1175,,,2025-06-02,1,1,0
VID1012,Video VID1012,screenshot,,U1024,,,2025-06-02,1,0,0
VID1012,Video VID1012,screenshot,,U1064,,,2025-06-02,1,1,0
VID1012,Video VID1012,screenshot,C36965,U1150,2025-06-05,2.0,2025-06-02,1,0,1
VID1012,Video VID1012,screenshot,,U1172,,,2025-06-02,1,0,0
VID1012,Video VID1012,screenshot,,U1161,,,2025-06-02,1,1,0
VID1012,Video VID1012,screenshot,,U1054,,,2025-06-02,1,1,0
VID1012,Video VID1012,screenshot,,U1050,,,2025-06-02,1,0,0
VID1012,Video VID1012,screenshot,,U1072,,,2025-06-02,1,1,0
VID1012,Video VID1012,screenshot,,U1105,,,2025-06-02,1,1,0
VID1012,Video VID1012,screenshot,C52238,U1087,2025-06-06,6.0,2025-06-02,1,1,1
VID1012,Video VID1012,screenshot,,U1165,,,2025-06-02,1,0,0
VID1012,Video VID1012,screenshot,,U1033,,,2025-06-02,1,1,0
VID1012,Video VID1012,screenshot,C74875,U1077,2025-06-04,6.0,2025-06-02,1,1,1
VID1012,Video VID1012,screenshot,C35753,U1088,2025-06-02,1.0,2025-06-02,1,1,1
VID1012,Video VID1012,screenshot,,U1016,,,2025-06-02,1,1,0
VID1012,Video VID1012,screenshot,,U1071,,,2025-06-02,1,1,0
VID1012,Video VID1012,screenshot,,U1023,,,2025-06-02,1,1,0
VID1012,Video VID1012,screenshot,,U1013,,,2025-06-02,1,1,0
VID1012,Video VID1012,screenshot,,U1067,,,2025-06-02,1,1,0
VID1012,Video VID1012,screenshot,,U1198,,,2025-06-02,1,0,0
VID1012,Video VID1012,screenshot,,U1124,,,2025-06-02,1,1,0
VID1012,Video VID1012,screenshot,C55235,U1189,2025-06-05,4.0,2025-06-02,1,1,1
VID1012,Video VID1012,screenshot,,U1169,,,2025-06-02,1,1,0
VID1012,Video VID1012,screenshot,C66365,U1081,2025-06-02,1.0,2025-06-02,1,0,1
VID1012,Video VID1012,screenshot,,U1040,,,2025-06-02,1,1,0
VID1012,Video VID1012,screenshot,,U1029,,,2025-06-02,1,1,0
VID1012,Video VID1012,screenshot,C27690,U1141,2025-06-03,2.0,2025-06-02,1,1,1
VID1012,Video VID1012,screenshot,C34567,U1180,2025-06-02,7.0,2025-06-02,1,0,1
VID1012,Video VID1012,screenshot,C51465,U1183,2025-06-05,9.0,2025-06-02,1,1,1
VID1012,Video VID1012,screenshot,C25316,U1041,2025-06-05,1.0,2025-06-02,1,1,1
VID1013,Video VID1013,screenshot,,U1026,,,2025-06-10,1,1,0
VID1013,Video VID1013,screenshot,C51907,U1042,2025-06-15,1.0,2025-06-10,1,1,1
VID1013,Video VID1013,screenshot,C26321,U1074,2025-06-12,9.0,2025-06-10,1,1,1
VID1013,Video VID1013,screenshot,C14697,U1096,2025-06-12,9.0,2025-06-10,1,1,1
VID1013,Video VID1013,screenshot,,U1160,,,2025-06-10,1,1,0
VID1013,Video VID1013,screenshot,,U1091,,,2025-06-10,1,1,0
VID1013,Video VID1013,screenshot,C48857,U1040,2025-06-15,8.0,2025-06-10,1,1,1
VID1013,Video VID1013,screenshot,,U1065,,,2025-06-10,1,0,0
VID1013,Video VID1013,screenshot,,U1001,,,2025-06-10,1,0,0
VID1013,Video VID1013,screenshot,C44989,U1046,2025-06-13,7.0,2025-06-10,1,1,1
VID1013,Video VID1013,screenshot,,U1022,,,2025-06-10,1,0,0
VID1013,Video VID1013,screenshot,C53795,U1174,2025-06-12,7.0,2025-06-10,1,0,1
VID1013,Video VID1013,screenshot,C83160,U1163,2025-06-14,4.0,2025-06-10,1,1,1
VID1013,Video VID1013,screenshot,C30439,U1018,2025-06-12,6.0,2025-06-10,1,1,1
VID1013,Video VID1013,screenshot,,U1178,,,2025-06-10,1,0,0
VID1013,Video VID1013,screenshot,C56723,U1000,2025-06-15,5.0,2025-06-10,1,1,1
VID1013,Video VID1013,screenshot,,U1190,,,2025-06-10,1,1,0
VID1013,Video VID1013,screenshot,,U1032,,,2025-06-10,1,1,0
VID1013,Video VID1013,screenshot,,U1023,,,2025-06-10,1,1,0
VID1013,Video VID1013,screenshot,,U1149,,,2025-06-10,1,0,0
VID1013,Video VID1013,screenshot,,U1117,,,2025-06-10,1,1,0
VID1013,Video VID1013,screenshot,C49659,U1102,2025-06-13,3.0,2025-06-10,1,1,1
VID1013,Video VID1013,screenshot,C87731,U1133,2025-06-10,4.0,2025-06-10,1,1,1
VID1013,Video VID1013,screenshot,,U1050,,,2025-06-10,1,0,0
VID1013,Video VID1013,screenshot,,U1191,,,2025-06-10,1,1,0
VID1013,Video VID1013,screenshot,,U1066,,,2025-06-10,1,0,0
VID1013,Video VID1013,screenshot,,U1152,,,2025-06-10,1,1,0
VID1013,Video VID1013,screenshot,,U1006,,,2025-06-10,1,0,0
VID1013,Video VID1013,screenshot,,U1121,,,2025-06-10,1,0,0
VID1013,Video VID1013,screenshot,,U1147,,,2025-06-10,1,1,0
VID1013,Video VID1013,screenshot,,U1020,,,2025-06-10,1,0,0
VID1013,Video VID1013,screenshot,,U1142,,,2025-06-10,1,1,0
VID1013,Video VID1013,screenshot,,U1170,,,2025-06-10,1,1,0
VID1013,Video VID1013,screenshot,,U1151,,,2025-06-10,1,1,0
VID1013,Video VID1013,screenshot,,U1004,,,2025-06-10,1,1,0
VID1013,Video VID1013,screenshot,,U1028,,,2025-06-10,1,1,0
VID1013,Video VID1013,screenshot,C22839,U1155,2025-06-13,7.0,2025-06-10,1,1,1
VID1013,Video VID1013,screenshot,,U1194,,,2025-06-10,1,0,0
VID1013,Video VID1013,screenshot,C64392,U1140,2025-06-14,0.0,2025-06-10,1,0,1
VID1013,Video VID1013,screenshot,C88032,U1132,2025-06-14,10.0,2025-06-10,1,0,1
VID1013,Video VID1013,screenshot,C47945,U1034,2025-06-15,6.0,2025-06-10,1,1,1
VID1013,Video VID1013,screenshot,,U1110,,,2025-06-10,1,1,0
VID1013,Video VID1013,screenshot,,U1068,,,2025-06-10,1,0,0
VID1013,Video VID1013,screenshot,C90768,U1171,2025-06-13,4.0,2025-06-10,1,0,1
VID1013,Video VID1013,screenshot,,U1134,,,2025-06-10,1,0,0
VID1013,Video VID1013,screenshot,C91634,U1007,2025-06-12,0.0,2025-06-10,1,1,1
VID1013,Video VID1013,screenshot,,U1069,,,2025-06-10,1,0,0
VID1013,Video VID1013,screenshot,C85091,U1141,2025-06-13,6.0,2025-06-10,1,0,1
VID1013,Video VID1013,screenshot,,U1112,,,2025-06-10,1,1,0
VID1013,Video VID1013,screenshot,,U1077,,,2025-06-10,1,0,0
VID1013,Video VID1013,screenshot,C37894,U1180,2025-06-12,0.0,2025-06-10,1,0,1
VID1013,Video VID1013,screenshot,,U1044,,,2025-06-10,1,1,0
VID1013,Video VID1013,screenshot,,U1158,,,2025-06-10,1,1,0
VID1013,Video VID1013,screenshot,C70242,U1181,2025-06-11,1.0,2025-06-10,1,1,1
VID1013,Video VID1013,screenshot,C47203,U1002,2025-06-13,9.0,2025-06-10,1,0,1
VID1013,Video VID1013,screenshot,,U1029,,,2025-06-10,1,0,0
VID1013,Video VID1013,screenshot,,U1116,,,2025-06-10,1,0,0
VID1013,Video VID1013,screenshot,C81473,U1153,2025-06-14,7.0,2025-06-10,1,1,1
VID1013,Video VID1013,screenshot,C40416,U1115,2025-06-10,4.0,2025-06-10,1,1,1
VID1013,Video VID1013,screenshot,,U1060,,,2025-06-10,1,1,0
VID1013,Video VID1013,screenshot,,U1172,,,2025-06-10,1,1,0
VID1013,Video VID1013,screenshot,C29369,U1073,2025-06-15,7.0,2025-06-10,1,1,1
VID1013,Video VID1013,screenshot,C72296,U1114,2025-06-13,5.0,2025-06-10,1,0,1
VID1013,Video VID1013,screenshot,,U1167,,,2025-06-10,1,1,0
VID1013,Video VID1013,screenshot,,U1024,,,2025-06-10,1,0,0
VID1013,Video VID1013,screenshot,,U1187,,,2025-06-10,1,0,0
VID1013,Video VID1013,screenshot,,U1145,,,2025-06-10,1,0,0
VID1013,Video VID1013,screenshot,C67945,U1053,2025-06-15,4.0,2025-06-10,1,0,1
VID1013,Video VID1013,screenshot,,U1013,,,2025-06-10,1,1,0
VID1013,Video VID1013,screenshot,,U1175,,,2025-06-10,1,1,0
VID1013,Video VID1013,screenshot,,U1005,,,2025-06-10,1,1,0
VID1013,Video VID1013,screenshot,C96548,U1099,2025-06-10,1.0,2025-06-10,1,0,1
VID1013,Video VID1013,screenshot,,U1131,,,2025-06-10,1,0,0
VID1014,Video VID1014,screenshot,,U1115,,,2025-06-09,1,1,0
VID1014,Video VID1014,screenshot,,U1175,,,2025-06-09,1,1,0
VID1014,Video VID1014,screenshot,C78555,U1141,2025-06-13,4.0,2025-06-09,1,1,1
VID1014,Video VID1014,screenshot,,U1179,,,2025-06-09,1,1,0
VID1014,Video VID1014,screenshot,,U1037,,,2025-06-09,1,1,0
VID1014,Video VID1014,screenshot,,U1173,,,2025-06-09,1,0,0
VID1014,Video VID1014,screenshot,,U1020,,,2025-06-09,1,0,0
VID1014,Video VID1014,screenshot,C82295,U1117,2025-06-09,5.0,2025-06-09,1,1,1
VID1014,Video VID1014,screenshot,,U1147,,,2025-06-09,1,0,0
VID1014,Video VID1014,screenshot,,U1006,,,2025-06-09,1,0,0
VID1014,Video VID1014,screenshot,C70649,U1052,2025-06-10,1.0,2025-06-09,1,0,1
VID1014,Video VID1014,screenshot,,U1113,,,2025-06-09,1,0,0
VID1014,Video VID1014,screenshot,C81626,U1033,2025-06-12,0.0,2025-06-09,1,0,1
VID1014,Video VID1014,screenshot,C81434,U1024,2025-06-11,7.0,2025-06-09,1,1,1
VID1014,Video VID1014,screenshot,,U1192,,,2025-06-09,1,1,0
VID1014,Video VID1014,screenshot,,U1087,,,2025-06-09,1,0,0
VID1014,Video VID1014,screenshot,,U1129,,,2025-06-09,1,0,0
VID1014,Video VID1014,screenshot,,U1011,,,2025-06-09,1,0,0
VID1014,Video VID1014,screenshot,,U1149,,,2025-06-09,1,1,0
VID1014,Video VID1014,screenshot,,U1097,,,2025-06-09,1,1,0
VID1014,Video VID1014,screenshot,,U1157,,,2025-06-09,1,1,0
VID1014,Video VID1014,screenshot,,U1178,,,2025-06-09,1,0,0
VID1014,Video VID1014,screenshot,,U1096,,,2025-06-09,1,0,0
VID1014,Video VID1014,screenshot,,U1073,,,2025-06-09,1,0,0
VID1014,Video VID1014,screenshot,,U1195,,,2025-06-09,1,0,0
VID1014,Video VID1014,screenshot,,U1135,,,2025-06-09,1,0,0
VID1014,Video VID1014,screenshot,,U1090,,,2025-06-09,1,1,0
VID1014,Video VID1014,screenshot,,U1000,,,2025-06-09,1,0,0
VID1014,Video VID1014,screenshot,C24634,U1032,2025-06-14,6.0,2025-06-09,1,1,1
VID1014,Video VID1014,screenshot,C64044,U1074,2025-06-12,10.0,2025-06-09,1,1,1
VID1014,Video VID1014,screenshot,,U1066,,,2025-06-09,1,1,0
VID1014,Video VID1014,screenshot,,U1082,,,2025-06-09,1,1,0
VID1014,Video VID1014,screenshot,,U1163,,,2025-06-09,1,0,0
VID1014,Video VID1014,screenshot,,U1189,,,2025-06-09,1,1,0
VID1014,Video VID1014,screenshot,,U1139,,,2025-06-09,1,1,0
VID1014,Video VID1014,screenshot,,U1120,,,2025-06-09,1,1,0
VID1014,Video VID1014,screenshot,C86119,U1040,2025-06-09,8.0,2025-06-09,1,0,1
VID1014,Video VID1014,screenshot,,U1196,,,2025-06-09,1,1,0
VID1014,Video VID1014,screenshot,,U1094,,,2025-06-09,1,1,0
VID1014,Video VID1014,screenshot,,U1181,,,2025-06-09,1,1,0
VID1014,Video VID1014,screenshot,,U1125,,,2025-06-09,1,0,0
VID1014,Video VID1014,screenshot,,U1190,,,2025-06-09,1,0,0
VID1014,Video VID1014,screenshot,C84972,U1165,2025-06-14,6.0,2025-06-09,1,1,1
VID1014,Video VID1014,screenshot,,U1084,,,2025-06-09,1,1,0
VID1014,Video VID1014,screenshot,,U1063,,,2025-06-09,1,1,0
VID1014,Video VID1014,screenshot,,U1119,,,2025-06-09,1,0,0
VID1014,Video VID1014,screenshot,,U1009,,,2025-06-09,1,1,0
VID1014,Video VID1014,screenshot,C26705,U1105,2025-06-10,5.0,2025-06-09,1,0,1
VID1014,Video VID1014,screenshot,,U1008,,,2025-06-09,1,0,0
VID1014,Video VID1014,screenshot,,U1054,,,2025-06-09,1,1,0
VID1014,Video VID1014,screenshot,,U1095,,,2025-06-09,1,0,0
VID1014,Video VID1014,screenshot,,U1081,,,2025-06-09,1,1,0
VID1014,Video VID1014,screenshot,C55700,U1150,2025-06-12,8.0,2025-06-09,1,1,1
VID1014,Video VID1014,screenshot,,U1041,,,2025-06-09,1,1,0
VID1014,Video VID1014,screenshot,,U1104,,,2025-06-09,1,1,0
VID1014,Video VID1014,screenshot,,U1108,,,2025-06-09,1,1,0
VID1014,Video VID1014,screenshot,,U1076,,,2025-06-09,1,1,0
VID1014,Video VID1014,screenshot,,U1028,,,2025-06-09,1,1,0
VID1014,Video VID1014,screenshot,,U1158,,,2025-06-09,1,0,0
VID1014,Video VID1014,screenshot,,U1114,,,2025-06-09,1,1,0
VID1014,Video VID1014,screenshot,,U1045,,,2025-06-09,1,0,0
VID1014,Video VID1014,screenshot,,U1111,,,2025-06-09,1,1,0
VID1014,Video VID1014,screenshot,C59511,U1169,2025-06-09,9.0,2025-06-09,1,1,1
VID1015,Video VID1015,face,,U1137,,,2025-06-02,1,0,0
VID1015,Video VID1015,face,,U1146,,,2025-06-02,1,1,0
VID1015,Video VID1015,face,,U1051,,,2025-06-02,1,0,0
VID1015,Video VID1015,face,,U1152,,,2025-06-02,1,0,0
VID1015,Video VID1015,face,,U1131,,,2025-06-02,1,1,0
VID1015,Video VID1015,face,C60567,U1179,2025-06-06,1.0,2025-06-02,1,1,1
VID1015,Video VID1015,face,,U1115,,,2025-06-02,1,0,0
VID1015,Video VID1015,face,,U1091,,,2025-06-02,1,1,0
VID1015,Video VID1015,face,,U1033,,,2025-06-02,1,0,0
VID1015,Video VID1015,face,C68975,U1103,2025-06-04,5.0,2025-06-02,1,1,1
VID1015,Video VID1015,face,C88349,U1133,2025-06-07,4.0,2025-06-02,1,1,1
VID1015,Video VID1015,face,,U1147,,,2025-06-02,1,0,0
VID1015,Video VID1015,face,,U1050,,,2025-06-02,1,1,0
VID1015,Video VID1015,face,,U1092,,,2025-06-02,1,1,0
VID1015,Video VID1015,face,C99996,U1071,2025-06-03,10.0,2025-06-02,1,0,1
VID1015,Video VID1015,face,,U1183,,,2025-06-02,1,0,0
VID1015,Video VID1015,face,C27899,U1190,2025-06-05,0.0,2025-06-02,1,0,1
VID1015,Video VID1015,face,,U1111,,,2025-06-02,1,1,0
VID1015,Video VID1015,face,,U1193,,,2025-06-02,1,1,0
VID1015,Video VID1015,face,,U1195,,,2025-06-02,1,1,0
VID1015,Video VID1015,face,C66665,U1006,2025-06-03,8.0,2025-06-02,1,1,1
VID1015,Video VID1015,face,,U1008,,,2025-06-02,1,0,0
VID1015,Video VID1015,face,C24606,U1090,2025-06-03,4.0,2025-06-02,1,1,1
VID1015,Video VID1015,face,,U1192,,,2025-06-02,1,0,0
VID1015,Video VID1015,face,,U1036,,,2025-06-02,1,0,0
VID1015,Video VID1015,face,,U1169,,,2025-06-02,1,0,0
VID1015,Video VID1015,face,,U1197,,,2025-06-02,1,1,0
VID1015,Video VID1015,face,,U1073,,,2025-06-02,1,0,0
VID1015,Video VID1015,face,C55358,U1063,2025-06-03,6.0,2025-06-02,1,0,1
VID1015,Video VID1015,face,,U1188,,,2025-06-02,1,1,0
VID1015,Video VID1015,face,,U1176,,,2025-06-02,1,1,0
VID1015,Video VID1015,face,,U1078,,,2025-06-02,1,1,0
VID1015,Video VID1015,face,C51049,U1113,2025-06-04,7.0,2025-06-02,1,1,1
VID1015,Video VID1015,face,C29174,U1108,2025-06-02,10.0,2025-06-02,1,1,1
VID1015,Video VID1015,face,,U1062,,,2025-06-02,1,0,0
VID1015,Video VID1015,face,,U1005,,,2025-06-02,1,1,0
VID1015,Video VID1015,face,,U1116,,,2025-06-02,1,1,0
VID1015,Video VID1015,face,,U1047,,,2025-06-02,1,0,0
VID1015,Video VID1015,face,C63676,U1001,2025-06-04,10.0,2025-06-02,1,0,1
VID1015,Video VID1015,face,,U1128,,,2025-06-02,1,0,0
VID1015,Video VID1015,face,,U1166,,,2025-06-02,1,1,0
VID1015,Video VID1015,face,,U1144,,,2025-06-02,1,1,0
VID1015,Video VID1015,face,C80416,U1002,2025-06-04,6.0,2025-06-02,1,0,1
VID1015,Video VID1015,face,,U1182,,,2025-06-02,1,1,0
VID1015,Video VID1015,face,C74134,U1096,2025-06-04,9.0,2025-06-02,1,1,1
VID1015,Video VID1015,face,,U1098,,,2025-06-02,1,0,0
VID1015,Video VID1015,face,,U1025,,,2025-06-02,1,0,0
VID1015,Video VID1015,face,,U1101,,,2025-06-02,1,1,0
VID1015,Video VID1015,face,C99212,U1052,2025-06-04,8.0,2025-06-02,1,0,1
VID1015,Video VID1015,face,,U1134,,,2025-06-02,1,1,0
VID1015,Video VID1015,face,,U1177,,,2025-06-02,1,1,0
VID1015,Video VID1015,face,,U1149,,,2025-06-02,1,1,0
VID1015,Video VID1015,face,C11003,U1010,2025-06-02,0.0,2025-06-02,1,1,1
VID1015,Video VID1015,face,C93072,U1155,2025-06-07,2.0,2025-06-02,1,0,1
VID1015,Video VID1015,face,C65654,U1162,2025-06-06,0.0,2025-06-02,1,0,1
VID1015,Video VID1015,face,,U1081,,,2025-06-02,1,1,0
VID1015,Video VID1015,face,,U1110,,,2025-06-02,1,1,0
VID1015,Video VID1015,face,,U1000,,,2025-06-02,1,1,0
VID1015,Video VID1015,face,C49454,U1054,2025-06-05,2.0,2025-06-02,1,1,1
VID1015,Video VID1015,face,,U1007,,,2025-06-02,1,1,0
VID1015,Video VID1015,face,C73603,U1194,2025-06-03,6.0,2025-06-02,1,1,1
VID1015,Video VID1015,face,C26080,U1126,2025-06-04,3.0,2025-06-02,1,0,1
VID1015,Video VID1015,face,C14105,U1148,2025-06-06,2.0,2025-06-02,1,0,1
VID1015,Video VID1015,face,,U1135,,,2025-06-02,1,0,0
VID1015,Video VID1015,face,,U1185,,,2025-06-02,1,1,0
VID1015,Video VID1015,face,,U1121,,,2025-06-02,1,0,0
VID1015,Video VID1015,face,C33472,U1175,2025-06-04,7.0,2025-06-02,1,1,1
VID1015,Video VID1015,face,,U1141,,,2025-06-02,1,0,0
VID1015,Video VID1015,face,,U1093,,,2025-06-02,1,1,0
VID1015,Video VID1015,face,C92816,U1034,2025-06-04,7.0,2025-06-02,1,1,1
VID1016,Video VID1016,face,,U1128,,,2025-06-01,1,1,0
VID1016,Video VID1016,face,C51436,U1120,2025-06-01,6.0,2025-06-01,1,0,1
VID1016,Video VID1016,face,,U1173,,,2025-06-01,1,1,0
VID1016,Video VID1016,face,,U1003,,,2025-06-01,1,1,0
VID1016,Video VID1016,face,C93371,U1057,2025-06-05,9.0,2025-06-01,1,1,1
VID1016,Video VID1016,face,,U1030,,,2025-06-01,1,1,0
VID1016,Video VID1016,face,,U1072,,,2025-06-01,1,0,0
VID1016,Video VID1016,face,,U1004,,,2025-06-01,1,1,0
VID1016,Video VID1016,face,,U1095,,,2025-06-01,1,1,0
VID1016,Video VID1016,face,,U1134,,,2025-06-01,1,0,0
VID1016,Video VID1016,face,C34638,U1001,2025-06-05,10.0,2025-06-01,1,0,1
VID1016,Video VID1016,face,,U1179,,,2025-06-01,1,0,0
VID1016,Video VID1016,face,,U1160,,,2025-06-01,1,1,0
VID1016,Video VID1016,face,,U1029,,,2025-06-01,1,1,0
VID1016,Video VID1016,face,,U1006,,,2025-06-01,1,1,0
VID1016,Video VID1016,face,,U1016,,,2025-06-01,1,1,0
VID1016,Video VID1016,face,,U1010,,,2025-06-01,1,1,0
VID1016,Video VID1016,face,C97663,U1117,2025-06-02,0.0,2025-06-01,1,0,1
VID1016,Video VID1016,face,C57091,U1090,2025-06-06,5.0,2025-06-01,1,1,1
VID1016,Video VID1016,face,C34835,U1087,2025-06-05,10.0,2025-06-01,1,1,1
VID1016,Video VID1016,face,C12666,U1089,2025-06-06,3.0,2025-06-01,1,1,1
VID1016,Video VID1016,face,,U1020,,,2025-06-01,1,1,0
VID1016,Video VID1016,face,,U1170,,,2025-06-01,1,0,0
VID1016,Video VID1016,face,,U1194,,,2025-06-01,1,0,0
VID1016,Video VID1016,face,,U1167,,,2025-06-01,1,0,0
VID1016,Video VID1016,face,,U1048,,,2025-06-01,1,1,0
VID1016,Video VID1016,face,,U1081,,,2025-06-01,1,1,0
VID1016,Video VID1016,face,,U1102,,,2025-06-01,1,0,0
VID1016,Video VID1016,face,,U1060,,,2025-06-01,1,1,0
VID1016,Video VID1016,face,,U1074,,,2025-06-01,1,0,0
VID1016,Video VID1016,face,,U1002,,,2025-06-01,1,1,0
VID1016,Video VID1016,face,,U1039,,,2025-06-01,1,1,0
VID1016,Video VID1016,face,C99002,U1096,2025-06-06,0.0,2025-06-01,1,1,1
VID1016,Video VID1016,face,,U1181,,,2025-06-01,1,0,0
VID1016,Video VID1016,face,,U1064,,,2025-06-01,1,1,0
VID1016,Video VID1016,face,,U1051,,,2025-06-01,1,1,0
VID1016,Video VID1016,face,C75469,U1075,2025-06-03,3.0,2025-06-01,1,1,1
VID1016,Video VID1016,face,C95725,U1183,2025-06-01,1.0,2025-06-01,1,1,1
VID1016,Video VID1016,face,C36908,U1093,2025-06-04,3.0,2025-06-01,1,0,1
VID1016,Video VID1016,face,,U1033,,,2025-06-01,1,0,0
VID1016,Video VID1016,face,,U1124,,,2025-06-01,1,1,0
VID1016,Video VID1016,face,,U1063,,,2025-06-01,1,0,0
VID1016,Video VID1016,face,,U1036,,,2025-06-01,1,1,0
VID1016,Video VID1016,face,,U1069,,,2025-06-01,1,1,0
VID1016,Video VID1016,face,C70309,U1085,2025-06-02,4.0,2025-06-01,1,1,1
VID1016,Video VID1016,face,,U1032,,,2025-06-01,1,0,0
VID1016,Video VID1016,face,C66342,U1099,2025-06-03,2.0,2025-06-01,1,0,1
VID1016,Video VID1016,face,C34081,U1098,2025-06-04,3.0,2025-06-01,1,1,1
VID1016,Video VID1016,face,C33328,U1119,2025-06-06,6.0,2025-06-01,1,0,1
VID1016,Video VID1016,face,,U1197,,,2025-06-01,1,1,0
VID1016,Video VID1016,face,,U1142,,,2025-06-01,1,1,0
VID1016,Video VID1016,face,,U1114,,,2025-06-01,1,0,0
VID1016,Video VID1016,face,,U1152,,,2025-06-01,1,1,0
VID1016,Video VID1016,face,,U1100,,,2025-06-01,1,0,0
VID1016,Video VID1016,face,,U1153,,,2025-06-01,1,0,0
VID1016,Video VID1016,face,C78870,U1129,2025-06-05,8.0,2025-06-01,1,1,1
VID1016,Video VID1016,face,,U1113,,,2025-06-01,1,0,0
VID1016,Video VID1016,face,,U1078,,,2025-06-01,1,0,0
VID1016,Video VID1016,face,C13610,U1043,2025-06-04,4.0,2025-06-01,1,1,1
VID1016,Video VID1016,face,C42233,U1191,2025-06-04,2.0,2025-06-01,1,0,1
VID1016,Video VID1016,face,C66823,U1053,2025-06-03,5.0,2025-06-01,1,1,1
VID1016,Video VID1016,face,C29385,U1013,2025-06-05,10.0,2025-06-01,1,0,1
VID1016,Video VID1016,face,,U1145,,,2025-06-01,1,0,0
VID1016,Video VID1016,face,,U1163,,,2025-06-01,1,0,0
VID1016,Video VID1016,face,,U1180,,,2025-06-01,1,0,0
VID1016,Video VID1016,face,C42152,U1174,2025-06-01,4.0,2025-06-01,1,0,1
VID1016,Video VID1016,face,,U1018,,,2025-06-01,1,1,0
VID1016,Video VID1016,face,C90512,U1186,2025-06-01,6.0,2025-06-01,1,1,1
VID1016,Video VID1016,face,,U1188,,,2025-06-01,1,1,0
VID1017,Video VID1017,screenshot,,U1138,,,2025-06-03,1,1,0
VID1017,Video VID1017,screenshot,,U1018,,,2025-06-03,1,1,0
VID1017,Video VID1017,screenshot,,U1134,,,2025-06-03,1,0,0
VID1017,Video VID1017,screenshot,C45880,U1119,2025-06-04,9.0,2025-06-03,1,0,1
VID1017,Video VID1017,screenshot,C87733,U1082,2025-06-03,9.0,2025-06-03,1,0,1
VID1017,Video VID1017,screenshot,,U1149,,,2025-06-03,1,0,0
VID1017,Video VID1017,screenshot,,U1066,,,2025-06-03,1,0,0
VID1017,Video VID1017,screenshot,,U1011,,,2025-06-03,1,0,0
VID1017,Video VID1017,screenshot,,U1188,,,2025-06-03,1,1,0
VID1017,Video VID1017,screenshot,,U1091,,,2025-06-03,1,1,0
VID1017,Video VID1017,screenshot,C26560,U1100,2025-06-06,10.0,2025-06-03,1,1,1
VID1017,Video VID1017,screenshot,,U1110,,,2025-06-03,1,1,0
VID1017,Video VID1017,screenshot,C23582,U1065,2025-06-07,5.0,2025-06-03,1,0,1
VID1017,Video VID1017,screenshot,,U1121,,,2025-06-03,1,0,0
VID1017,Video VID1017,screenshot,,U1043,,,2025-06-03,1,0,0
VID1017,Video VID1017,screenshot,C87290,U1176,2025-06-08,0.0,2025-06-03,1,0,1
VID1017,Video VID1017,screenshot,,U1129,,,2025-06-03,1,0,0
VID1017,Video VID1017,screenshot,,U1194,,,2025-06-03,1,0,0
VID1017,Video VID1017,screenshot,,U1127,,,2025-06-03,1,1,0
VID1017,Video VID1017,screenshot,,U1096,,,2025-06-03,1,1,0
VID1017,Video VID1017,screenshot,C96770,U1009,2025-06-03,0.0,2025-06-03,1,0,1
VID1017,Video VID1017,screenshot,C77573,U1179,2025-06-04,4.0,2025-06-03,1,0,1
VID1017,Video VID1017,screenshot,C55921,U1010,2025-06-04,4.0,2025-06-03,1,0,1
VID1017,Video VID1017,screenshot,,U1004,,,2025-06-03,1,0,0
VID1017,Video VID1017,screenshot,C46771,U1143,2025-06-08,2.0,2025-06-03,1,1,1
VID1017,Video VID1017,screenshot,C43296,U1029,2025-06-05,2.0,2025-06-03,1,1,1
VID1017,Video VID1017,screenshot,,U1088,,,2025-06-03,1,1,0
VID1017,Video VID1017,screenshot,,U1106,,,2025-06-03,1,0,0
VID1017,Video VID1017,screenshot,,U1154,,,2025-06-03,1,0,0
VID1017,Video VID1017,screenshot,,U1109,,,2025-06-03,1,1,0
VID1017,Video VID1017,screenshot,,U1105,,,2025-06-03,1,1,0
VID1017,Video VID1017,screenshot,,U1039,,,2025-06-03,1,0,0
VID1017,Video VID1017,screenshot,C28022,U1052,2025-06-08,10.0,2025-06-03,1,1,1
VID1017,Video VID1017,screenshot,,U1022,,,2025-06-03,1,1,0
VID1017,Video VID1017,screenshot,,U1064,,,2025-06-03,1,1,0
VID1017,Video VID1017,screenshot,,U1172,,,2025-06-03,1,0,0
VID1017,Video VID1017,screenshot,,U1073,,,2025-06-03,1,0,0
VID1017,Video VID1017,screenshot,C59982,U1085,2025-06-05,4.0,2025-06-03,1,1,1
VID1017,Video VID1017,screenshot,,U1184,,,2025-06-03,1,0,0
VID1017,Video VID1017,screenshot,,U1146,,,2025-06-03,1,0,0
VID1017,Video VID1017,screenshot,,U1140,,,2025-06-03,1,1,0
VID1017,Video VID1017,screenshot,,U1181,,,2025-06-03,1,1,0
VID1017,Video VID1017,screenshot,,U1067,,,2025-06-03,1,1,0
VID1017,Video VID1017,screenshot,,U1044,,,2025-06-03,1,1,0
VID1017,Video VID1017,screenshot,,U1075,,,2025-06-03,1,1,0
VID1017,Video VID1017,screenshot,C61405,U1135,2025-06-04,9.0,2025-06-03,1,0,1
VID1017,Video VID1017,screenshot,C20380,U1048,2025-06-05,8.0,2025-06-03,1,1,1
VID1017,Video VID1017,screenshot,C86849,U1051,2025-06-04,0.0,2025-06-03,1,1,1
VID1017,Video VID1017,screenshot,,U1166,,,2025-06-03,1,0,0
VID1017,Video VID1017,screenshot,,U1158,,,2025-06-03,1,0,0
VID1017,Video VID1017,screenshot,,U1017,,,2025-06-03,1,0,0
VID1017,Video VID1017,screenshot,C89554,U1032,2025-06-08,3.0,2025-06-03,1,1,1
VID1017,Video VID1017,screenshot,,U1045,,,2025-06-03,1,0,0
VID1017,Video VID1017,screenshot,,U1113,,,2025-06-03,1,0,0
VID1017,Video VID1017,screenshot,,U1196,,,2025-06-03,1,0,0
VID1017,Video VID1017,screenshot,,U1054,,,2025-06-03,1,1,0
VID1017,Video VID1017,screenshot,C89244,U1107,2025-06-03,1.0,2025-06-03,1,0,1
VID1017,Video VID1017,screenshot,,U1169,,,2025-06-03,1,0,0
VID1017,Video VID1017,screenshot,,U1059,,,2025-06-03,1,1,0
VID1017,Video VID1017,screenshot,C72635,U1155,2025-06-03,8.0,2025-06-03,1,0,1
VID1018,Video VID1018,face,,U1169,,,2025-06-03,1,0,0
VID1018,Video VID1018,face,,U1068,,,2025-06-03,1,0,0
VID1018,Video VID1018,face,C72856,U1003,2025-06-04,7.0,2025-06-03,1,1,1
VID1018,Video VID1018,face,C87221,U1143,2025-06-08,9.0,2025-06-03,1,0,1
VID1018,Video VID1018,face,,U1101,,,2025-06-03,1,1,0
VID1018,Video VID1018,face,,U1082,,,2025-06-03,1,0,0
VID1018,Video VID1018,face,C83457,U1197,2025-06-03,10.0,2025-06-03,1,1,1
VID1018,Video VID1018,face,,U1063,,,2025-06-03,1,1,0
VID1018,Video VID1018,face,,U1184,,,2025-06-03,1,0,0
VID1018,Video VID1018,face,,U1052,,,2025-06-03,1,1,0
VID1018,Video VID1018,face,,U1007,,,2025-06-03,1,0,0
VID1018,Video VID1018,face,,U1164,,,2025-06-03,1,0,0
VID1018,Video VID1018,face,,U1128,,,2025-06-03,1,1,0
VID1018,Video VID1018,face,C14542,U1183,2025-06-06,6.0,2025-06-03,1,0,1
VID1018,Video VID1018,face,,U1034,,,2025-06-03,1,1,0
VID1018,Video VID1018,face,,U1179,,,2025-06-03,1,1,0
VID1018,Video VID1018,face,C97871,U1064,2025-06-03,2.0,2025-06-03,1,1,1
VID1018,Video VID1018,face,C44662,U1113,2025-06-06,2.0,2025-06-03,1,1,1
VID1018,Video VID1018,face,,U1142,,,2025-06-03,1,0,0
VID1018,Video VID1018,face,,U1133,,,2025-06-03,1,1,0
VID1018,Video VID1018,face,C88789,U1036,2025-06-08,8.0,2025-06-03,1,0,1
VID1018,Video VID1018,face,C27385,U1163,2025-06-08,3.0,2025-06-03,1,1,1
VID1019,Video VID1019,screenshot,C20761,U1020,2025-06-09,3.0,2025-06-09,1,1,1
VID1019,Video VID1019,screenshot,,U1173,,,2025-06-09,1,0,0
VID1019,Video VID1019,screenshot,,U1188,,,2025-06-09,1,0,0
VID1019,Video VID1019,screenshot,,U1005,,,2025-06-09,1,0,0
VID1019,Video VID1019,screenshot,,U1016,,,2025-06-09,1,0,0
VID1019,Video VID1019,screenshot,C41755,U1000,2025-06-14,9.0,2025-06-09,1,1,1
VID1019,Video VID1019,screenshot,,U1153,,,2025-06-09,1,0,0
VID1019,Video VID1019,screenshot,,U1058,,,2025-06-09,1,1,0
VID1019,Video VID1019,screenshot,,U1042,,,2025-06-09,1,1,0
VID1019,Video VID1019,screenshot,,U1077,,,2025-06-09,1,1,0
VID1019,Video VID1019,screenshot,,U1068,,,2025-06-09,1,1,0
VID1019,Video VID1019,screenshot,,U1062,,,2025-06-09,1,0,0
VID1019,Video VID1019,screenshot,,U1044,,,2025-06-09,1,1,0
VID1019,Video VID1019,screenshot,C51401,U1054,2025-06-13,1.0,2025-06-09,1,1,1
VID1019,Video VID1019,screenshot,,U1120,,,2025-06-09,1,1,0
VID1019,Video VID1019,screenshot,C36126,U1079,2025-06-12,7.0,2025-06-09,1,1,1
VID1019,Video VID1019,screenshot,,U1019,,,2025-06-09,1,1,0
VID1019,Video VID1019,screenshot,C52167,U1106,2025-06-11,3.0,2025-06-09,1,0,1
VID1019,Video VID1019,screenshot,,U1096,,,2025-06-09,1,1,0
VID1019,Video VID1019,screenshot,,U1193,,,2025-06-09,1,1,0
VID1019,Video VID1019,screenshot,,U1035,,,2025-06-09,1,0,0
VID1019,Video VID1019,screenshot,C89965,U1140,2025-06-11,9.0,2025-06-09,1,1,1
VID1019,Video VID1019,screenshot,C73796,U1130,2025-06-14,1.0,2025-06-09,1,0,1
VID1019,Video VID1019,screenshot,,U1061,,,2025-06-09,1,1,0
VID1019,Video VID1019,screenshot,,U1065,,,2025-06-09,1,1,0
VID1019,Video VID1019,screenshot,,U1149,,,2025-06-09,1,0,0
VID1019,Video VID1019,screenshot,,U1183,,,2025-06-09,1,1,0
VID1019,Video VID1019,screenshot,,U1163,,,2025-06-09,1,0,0
VID1019,Video VID1019,screenshot,C46377,U1021,2025-06-14,2.0,2025-06-09,1,0,1
VID1019,Video VID1019,screenshot,,U1146,,,2025-06-09,1,1,0
VID1019,Video VID1019,screenshot,,U1194,,,2025-06-09,1,0,0
VID1019,Video VID1019,screenshot,,U1048,,,2025-06-09,1,1,0
VID1019,Video VID1019,screenshot,,U1046,,,2025-06-09,1,1,0
VID1019,Video VID1019,screenshot,C10115,U1078,2025-06-13,3.0,2025-06-09,1,0,1
VID1019,Video VID1019,screenshot,C29415,U1187,2025-06-11,1.0,2025-06-09,1,1,1
VID1019,Video VID1019,screenshot,,U1007,,,2025-06-09,1,1,0
VID1019,Video VID1019,screenshot,C32032,U1122,2025-06-12,7.0,2025-06-09,1,0,1
VID1019,Video VID1019,screenshot,,U1129,,,2025-06-09,1,0,0
VID1019,Video VID1019,screenshot,,U1105,,,2025-06-09,1,0,0
VID1019,Video VID1019,screenshot,,U1190,,,2025-06-09,1,1,0
VID1019,Video VID1019,screenshot,,U1090,,,2025-06-09,1,1,0
VID1019,Video VID1019,screenshot,,U1013,,,2025-06-09,1,1,0
VID1019,Video VID1019,screenshot,,U1160,,,2025-06-09,1,1,0
VID1019,Video VID1019,screenshot,C55670,U1180,2025-06-14,4.0,2025-06-09,1,1,1
VID1019,Video VID1019,screenshot,,U1092,,,2025-06-09,1,1,0
VID1019,Video VID1019,screenshot,,U1117,,,2025-06-09,1,1,0
VID1019,Video VID1019,screenshot,C90744,U1045,2025-06-12,8.0,2025-06-09,1,1,1
